question_id,question_string,answer_llm,answer_gold,precision-1,recall-1,ROUGE-1,precision-2,recall-2,ROUGE-2,factual_correctness,completeness,relevance,justification,depth,overall_score,pass
P1_Q1,"Welche spezifischen Herausforderungen identifizierten die Autoren beim Einsatz von OCR in den Agriculture- und Healthcare-PDFs, und welche Lösungsansätze wurden implementiert?","Es tut mir leid, aber ohne den spezifischen Kontext oder die Dokumente, die die Herausforderungen und Lösungsansätze beim Einsatz von OCR in den Bereichen Landwirtschaft und Gesundheitswesen beschreiben, kann ich keine genaue Antwort geben. Bitte stellen Sie sicher, dass der relevante Kontext bereitgestellt wird, damit ich Ihnen weiterhelfen kann.","Die Autoren identifizierten noisy OCR-Output als Hauptherausforderung, der die FAISS-Qualität in Agriculture- und Healthcare-PDFs erheblich degradierte und die Retrieval-Genauigkeit limitierte. Als Lösungsansätze implementierten sie eine Kombination aus TesseractOCR und easyOCR als alternative OCR-Engines, ergänzt durch regex-basierte Cleanup-Verfahren zur systematischen Nachbearbeitung des extrahierten Texts. Zusätzlich integrierten sie PyMuPDF für die Extraktion sowohl text-basierter als auch bild-basierter Inhalte und führten systematische Datenbereinigungsverfahren ein, die die Entfernung von OCR-Rauschen und Duplikaten zur Verbesserung der Retrieval-Qualität ohne Modifikation der Modelle ermöglichten.",0.20408163265306123,0.12987012987012986,0.15873015873015872,0.020833333333333332,0.013157894736842105,0.01612903225806452,0,0,0,0,0,0,False
P1_Q2,"Wie unterscheidet sich die Systemarchitektur zwischen dem Disarm RAG und den anderen vier implementierten Systemen, insbesondere hinsichtlich der Datenschutzanforderungen?","Es tut mir leid, aber ohne spezifische Informationen aus dem bereitgestellten Kontext kann ich keine Details zur Systemarchitektur des Disarm RAG im Vergleich zu den anderen vier implementierten Systemen geben, insbesondere in Bezug auf die Datenschutzanforderungen. Bitte stellen Sie sicher, dass der relevante Kontext bereitgestellt wird, damit ich eine genaue Antwort geben kann.","Das Disarm RAG-System unterscheidet sich fundamental von den anderen vier Systemen durch seine sicherheitsorientierte Architektur und Datenschutzanforderungen. Es wird auf einem sicheren Server bei CSC (Finnish IT Center for Science) gehostet, um vollständige Datenprivatsphäre zu gewährleisten, und verwendet LLaMA 2-uncensored via Ollama für offenen Zugang zu Cybersecurity-Wissen. Der entscheidende Unterschied liegt darin, dass Disarm RAG bewusst auf Quellzitationen verzichtet, während alle anderen Systeme Quellenreferenzen zur Transparenz anzeigen - diese Ausnahme erfolgt aufgrund der Sensitivität von Cybersecurity-Inhalten, um sensitive Materialien zu schützen und gleichzeitig GDPR-Risiken zu reduzieren.",0.24528301886792453,0.1511627906976744,0.1870503597122302,0.057692307692307696,0.03529411764705882,0.043795620437956206,0,0,1,0,0,1,False
P1_Q3,"Welche konkreten Metriken und Bewertungsdimensionen wurden in der Web-basierten Nutzerstudie mit 100 Teilnehmern verwendet, und was waren die Haupterkenntnisse?","Es tut mir leid, aber ohne den spezifischen Inhalt der Kontextdokumente kann ich keine Informationen über die Metriken, Bewertungsdimensionen oder Haupterkenntnisse der Web-basierten Nutzerstudie bereitstellen. Bitte stellen Sie sicher, dass der relevante Kontext bereitgestellt wird","Relevance of Information, Transparency, System Responsiveness, Accuracy of Answers und Likelihood of Recommendation, ergänzt durch qualitative offene Feedback-Fragen. Die Haupterkenntnisse zeigten, dass Ease of Use und Accuracy of Answers konstant positive Bewertungen erhielten, während Transparency und Recommendation stärkere Variation zwischen den Systemen aufwiesen. Besonders bedeutsam war, dass 83% der Teilnehmer eine aufgabenabhängige Präferenz für KI-generierte Antworten zeigten, was darauf hinweist, dass Vertrauen in RAG-Systeme kontingent und nicht absolut ist, abhängig von Antwortrelevanz, Transparenz und Ausrichtung auf die Nutzerintention.",0.06451612903225806,0.039999999999999994,0.18604651162790697,0.0851063829787234,0.1167883211678832,0.0984615384615385,0,0,0,0,0,0,False
P1_Q4,Warum wählten die Autoren Poro-34B für das AgriHubi-System und welche Vorteile bot dieses Modell gegenüber GPT-4o für finnischsprachige Inhalte?,"Es tut mir leid, aber ohne den spezifischen Kontext oder die Dokumente, die Informationen über die Wahl von Poro-34B für das AgriHubi-System und dessen Vorteile gegenüber GPT-4o für finnischsprachige Inhalte enthalten, kann ich keine genaue Antwort geben. Bitte stellen Sie sicher, dass der relevante Kontext bereitgestellt wird, damit ich Ihnen weiterhelfen kann.","Die Autoren wählten Poro-34B für das AgriHubi-System, weil allgemeine Modelle wie GPT-4o bei domänenspezifischen und finnischsprachigen Anfragen erhebliche Schwächen zeigten, während Poro-34B speziell für die finnische Sprache optimiert ist. Das finnisch-optimierte Modell lieferte kontextuell relevanteren Antworten für die Verarbeitung von 200+ finnischsprachigen landwirtschaftlichen PDFs und bot bessere Kompatibilität mit Embedding-Modellen wie text-embedding-ada-002. Diese Auswahl ermöglichte es, landwirtschaftliches Wissen durch eine Streamlit-Chat-Schnittstelle mit SQLite-Logging und Feedback-Mechanismus für kontinuierliche Verbesserung zugänglicher zu machen, was die Bedeutung domänenspezifischer Sprachmodelle für mehrsprachige RAG-Anwendungen unterstreicht.",0.19230769230769232,0.125,0.15151515151515152,0.0392156862745098,0.02531645569620253,0.030769230769230767,0,0,0,0,0,0,False
P1_Q5,"Welche zwölf Lessons Learned wurden dokumentiert und wie verteilen sich diese auf technische, operative und ethische Kategorien?","Es tut mir leid, aber im bereitgestellten Kontext sind keine Informationen über die zwölf Lessons Learned oder deren Verteilung auf technische, operative und ethische Kategorien enthalten. Bitte stellen Sie sicher, dass der Kontext die benötigten Informationen enthält, damit ich Ihnen weiterhelfen kann.","Die zwölf dokumentierten Lessons Learned verteilen sich auf drei Kategorien: Technical Development (5 Lessons) umfasst die Notwendigkeit domänenspezifischer Modelle, OCR-Fehlerauswirkungen auf Pipelines, Chunking-Balance zwischen Geschwindigkeit und Genauigkeit, FAISS-Skalierungsgrenzen und manuelles Environment-Management ohne Containerization. Operational Factors (5 Lessons) beinhalten SQLite für User-Interaction-Tracking, fragile Scraping-Pipelines, Self-Hosted-Setup für Geschwindigkeit und Compliance, saubere Daten für bessere Retrieval-Qualität und nutzerfeedback-gesteuerte Systemoptimierung. Ethical Considerations (2 Lessons) betreffen Quelldatei-Referenzen für Vertrauensaufbau und Dataset-Bias-Auswirkungen auf Retrieval-Balance, wobei die technischen Aspekte den größten Anteil ausmachen und die Komplexität der praktischen RAG-Implementierung in realen Anwendungen widerspiegeln.",0.19047619047619047,0.09302325581395349,0.125,0.024390243902439025,0.011764705882352941,0.015873015873015872,0,0,1,0,0,1,False
P1_META_Q1,Wer sind die Autoren des Papers 'Engineering RAG Systems for Real-World Applications'?,"Es tut mir leid, aber im bereitgestellten Kontext sind keine Informationen über die Autoren des Papers 'Engineering RAG Systems for Real-World Applications' enthalten.",Md Toufique Hasan and Muhammad Waseem and Kai-Kristian Kemell and Ayman Asad Khan and Mika Saari and Pekka Abrahamsson,0.0,0.0,0.0,0.0,0.0,0.0,0,0,1,0,0,1,False
P1_META_Q2,Welche Forschungsmethodik wurde im Paper 'Engineering RAG Systems for Real-World Applications' hauptsächlich angewandt?,"Es tut mir leid, aber im bereitgestellten Kontext gibt es keine Informationen über die Forschungsmethodik, die im Paper 'Engineering RAG Systems for Real-World Applications' angewandt wurde.","Die Studie verwendete eine empirische Mixed-Methods-Forschungsmethodik, die sich aus der End-to-End-Entwicklung und -Implementierung von fünf domainspezifischen RAG-Systemen sowie einer strukturierten Benutzer-Evaluation zusammensetzte. In Zusammenarbeit mit fünf realen Organisationen wurden RAG-Systeme für die Bereiche Governance, Cybersecurity, Landwirtschaft, Industrieforschung und Medizinische Diagnostik entwickelt, wobei jedes System an spezifische operative Herausforderungen angepasst wurde und mehrsprachige OCR-Pipelines, semantische Retrieval-Mechanismen über Vektor-Embeddings sowie domainadaptierte LLMs integrierte. Die Evaluation erfolgte durch eine web-basierte Benutzerstudie mit 100 Teilnehmern, die mit Live-Demo-Umgebungen interagierten und realistische, domainspezifische Aufgaben durchführten, wobei sowohl quantitative Daten über Likert-Skala-Bewertungen (1-5) als auch qualitative Erkenntnisse durch offene Feedback-Fragen zu sechs Evaluationskriterien (Benutzerfreundlichkeit, Informationsrelevanz, Transparenz, Systemreaktionsfähigkeit, Antwortgenauigkeit und Weiterempfehlungswahrscheinlichkeit) erhoben wurden. Diese praxisorientierte Methodik ermöglichte es, über technische Benchmarks hinauszugehen und sowohl die technische Leistung als auch die Benutzererfahrung in realen Anwendungsszenarien zu bewerten, wodurch praktische Erkenntnisse für zukünftige RAG-Implementierungen gewonnen werden konnten.",0.11538461538461539,0.021739130434782608,0.036585365853658534,0.0,0.0,0.0,0,0,1,0,0,1,False
P2_Q1,Wie ist ein Datenpunkt im MAGPIE-Benchmark formal definiert (als Tupel) und welche Rolle spielen die Penalties und Utilities im Kontext der Multi-Agenten-Interaktion?,"Es tut mir leid, aber ohne den spezifischen Kontext, der die Definition eines Datenpunkts im MAGPIE-Benchmark und die Rolle der Penalties und Utilities beschreibt, kann ich keine genaue Antwort geben. Bitte stellen Sie sicher, dass der relevante Kontext bereitgestellt wird, damit ich Ihnen weiterhelfen kann.","Ein Datenpunkt im MAGPIE-Benchmark ist formal als Tupel ⟨N, T, D, C, I, P, p, U⟩ definiert, wobei N eine endliche Menge von Agenten {a1, a2, ..., ak} darstellt, T eine offene Aufgabe wie Ressourcenzuteilung beschreibt, D ein Deliverable zur Aufgabenabschluss markiert, C Constraints aus öffentlichen und privaten Informationen ableitet, I öffentliche Informationen bezeichnet, P private/sensible Daten umfasst, p Penalties für Datenleckagen definiert und U Belohnungen für Teilaufgaben festlegt. Die Penalties und Utilities spielen eine zentrale Rolle in Multi-Agenten-Interaktionen, da sie realistische Trade-offs zwischen Aufgabenerfüllung und Datenschutz schaffen - Agenten müssen strategisch entscheiden, ob sie niedrig-penalisierte Informationen (pij = 1) teilen, um hoch-belohnte Ziele (uik = 5) zu erreichen, während sie sensible Daten (pil = 4) schützen.",0.17777777777777778,0.06837606837606838,0.09876543209876544,0.06818181818181818,0.02586206896551724,0.0375,0,0,0,0,0,0,False
P2_Q2,Welche spezifischen Leakage-Raten zeigten GPT-4o und Claude-3.7-Sonnet im Explicit Instruction Setting verglichen mit dem Implicit Instruction Setting?,"Es tut mir leid, aber im bereitgestellten Kontext sind keine spezifischen Informationen über die Leakage-Raten von GPT-4o und Claude-3.7-Sonnet im Explicit Instruction Setting im Vergleich zum Implicit Instruction Setting enthalten.","Im Explicit Instruction Setting, wo Agenten explizit über Penalties informiert wurden (Leaking private information x incurs penalty y), zeigte GPT-4o eine deutlich niedrigere Leakage-Rate von 5.7%, während Claude-3.7-Sonnet mit 21.6% deutlich schlechter abschnitt. Im Implicit Instruction Setting, das realistischere Bedingungen mit generischen Warnungen simuliert (Some information is private; avoid sharing it), verschlechterten sich beide Modelle dramatisch: GPT-4o erreichte eine Leakage-Rate von 54.3% und Claude-3.7-Sonnet sogar 66.2%. Diese Ergebnisse demonstrieren, dass selbst state-of-the-art Modelle wie GPT-4o und Claude-3.7-Sonnet zwar gute Instruktionsbefolgung zeigen, aber ein mangelndes Verständnis für kontextuelle Privatsphäre aufweisen, wenn explizite Anweisungen fehlen.",0.3333333333333333,0.10752688172043011,0.16260162601626016,0.13793103448275862,0.043478260869565216,0.06611570247933884,0,0,1,0,0,1,False
P2_Q3,Wie wurde der Datengenerierungsprozess mittels LLM-Pipeline durchgeführt und welche Verifikationsschritte wurden implementiert?,"Es tut mir leid, aber ohne spezifische Informationen aus dem bereitgestellten Kontext kann ich keine Details zum Datengenerierungsprozess mittels LLM-Pipeline oder zu den implementierten Verifikationsschritten geben. Bitte stellen Sie sicher, dass der relevante Kontext bereitgestellt wird, damit ich Ihnen eine genaue Antwort geben kann.","Der Datengenerierungsprozess wurde durch eine mehrstufige LLM-Pipeline durchgeführt, die Claude-3.7-Sonnet sowohl als Generator als auch als Verifizierer nutzte. Der Prozess begann mit manuell kuratierten Seeds für verschiedene Domänen, gefolgt von automatischer Szenario-Generierung durch das LLM, das realistische High-Stakes-Szenarien vorschlug. Jede Stufe beinhaltete strenge Verifikationsschritte: Ein Verifizierer-LLM bewertete die Realitätsnähe und den Einsatz der Szenarien, überprüfte die Aufgaben-Agent-Ausrichtung, validierte die Kohärenz von Agentenprofilen und stellte sicher, dass private Informationen natürlich motiviert waren. Zusätzlich wurden durch einen finalen Verifikationsschritt Deliverables und Constraints gegen die Aufgabenziele geprüft, um konfliktfreie und lösbare Aufgaben zu gewährleisten.",0.20454545454545456,0.0989010989010989,0.13333333333333333,0.023255813953488372,0.011111111111111112,0.015037593984962407,0,0,0,0,0,0,False
P2_Q4,"Was ist der Zusammenhang zwischen der Leakage-Rate und der Task-Success-Rate, wie in Abbildung 7 dargestellt?","Es tut mir leid, aber ohne den spezifischen Inhalt der Abbildung 7 oder eine Beschreibung der Daten und Ergebnisse, die in dieser Abbildung dargestellt sind, kann ich keine genaue Antwort auf die Frage nach dem Zusammenhang zwischen der Leakage-Rate und der Task-Success-Rate geben. Bitte stellen Sie sicher, dass die relevanten Informationen oder Beschreibungen der Abbildung im Kontext enthalten sind, damit ich eine präzise Antwort liefern kann.","Abbildung 7 zeigt eine starke negative Korrelation zwischen der Leakage-Rate und sowohl der Konsens- als auch der Erfolgswahrscheinlichkeit. Aufgaben mit ≤10% Leakage erreichten nur 10.8% Konsens und 6.3% Erfolg, während die Raten bei etwa 67% Leakage plateauieren. Diese Beziehung verdeutlicht ein fundamentales Dilemma in Multi-Agenten-Systemen: Während strikte Datenschutzwahrung die Aufgabenerfüllung behindert, führt uneingeschränktes Informationsteilen zu höheren Erfolgsraten, aber auch zu Datenschutzverletzungen. Die Gesamtkonsens- und Erfolgsrate über alle Modelle betrug nur 51% bzw. 29.7%, was zeigt, dass aktuelle Modelle weder auf kontextuelle Datenschutzwahrung noch auf effektive Multi-Agenten-Kollaboration ausgerichtet sind.",0.24242424242424243,0.18181818181818182,0.2077922077922078,0.06153846153846154,0.04597701149425287,0.05263157894736842,0,0,1,0,0,1,False
P2_Q5,Welche fünf Hauptdomänen deckt der MAGPIE-Datensatz ab und welche Art von High-Stakes-Szenarien wurden für jede Domäne entwickelt?,"Es tut mir leid, aber ohne den spezifischen Inhalt des Kontextes kann ich nicht beantworten, welche fünf Hauptdomänen der MAGPIE-Datensatz abdeckt und welche Art von High-Stakes-Szenarien für jede Domäne entwickelt wurden. Bitte stellen Sie sicher, dass der relevante Kontext bereitgestellt wird, damit ich Ihnen eine genaue Antwort geben kann.","Der MAGPIE-Datensatz umfasst 158 Aufgaben über 16 verschiedene High-Impact-Domänen, wobei die Hauptkategorien Legal, Scheduling, Healthcare, Tech & Infrastructure und Research umfassen. Spezifische High-Stakes-Szenarien beinhalten strategische GPU-Ressourcenzuteilung zwischen Forschungsteams mit privaten Projektdetails und Latenzanforderungen, Universitätszulassungen mit vertraulichen Budgetbeschränkungen und Bewerberdaten, Gehaltsverhandlungen mit sensiblen Informationen über andere Mitarbeitergehälter, Büro-Miteigentümerschaftsvereinbarungen mit privaten finanziellen Präferenzen und Crowdsourced Innovation in der Pharmaentwicklung mit teilweise geheimen Forschungsdurchbrüchen. Diese Szenarien wurden bewusst so gestaltet, dass vollständiger Ausschluss privater Daten die Aufgabenerfüllung behindert, während uneingeschränktes Teilen zu erheblichen realen Verlusten führen könnte.",0.10204081632653061,0.05952380952380952,0.07518796992481201,0.0,0.0,0.0,0,0,0,0,0,0,False
P2_META_Q1,Wer sind die Autoren des Papers 'MAGPIE: A dataset for Multi-AGent contextual PrIvacy Evaluation'?,"Es tut mir leid, aber im bereitgestellten Kontext sind keine Informationen über die Autoren des Papers 'MAGPIE: A dataset for Multi-AGent contextual PrIvacy Evaluation' enthalten.",Gurusha Juneja and Alon Albalak and Wenyue Hua and William Yang Wang,0.0,0.0,0.0,0.0,0.0,0.0,0,0,1,0,0,1,False
P2_META_Q2,Welche Forschungsmethodik wurde im Paper 'MAGPIE: A dataset for Multi-AGent contextual PrIvacy Evaluation' hauptsächlich angewandt?,"Es tut mir leid, aber ohne den spezifischen Inhalt des Dokuments oder weitere Informationen aus dem Kontext kann ich nicht beantworten, welche Forschungsmethodik im Paper 'MAGPIE: A dataset for Multi-AGent contextual PrIvacy Evaluation' hauptsächlich angewandt wurde. Bitte stellen Sie sicher, dass der relevante Kontext bereitgestellt wird, damit ich Ihnen eine genaue Antwort geben kann.","Die Forschungsmethodik im MAGPIE-Paper basiert hauptsächlich auf einer empirischen Benchmark-Entwicklung mit systematischer LLM-Evaluation. Die Autoren entwickelten zunächst einen neuen Benchmark durch eine mehrstufige LLM-getriebene Pipeline, die Claude-3.7-Sonnet als Generator und Verifizierer nutzt, um 158 realistische High-Stakes-Szenarien über 16 Domänen zu erstellen. Anschließend führten sie umfassende empirische Experimente mit vier state-of-the-art LLMs (GPT-4o, Claude-3.7-Sonnet, Llama-3-70B, Mistral-Large-123B) in verschiedenen Settings durch: single-turn Klassifikationsaufgaben zur Bewertung des inhärenten Privatsphäre-Verständnisses, multi-turn Kollaborationsszenarien in passiven und aktiven Modi, sowie explizite und implizite Instruktions-Settings. Die Methodik wurde durch menschliche Annotation und Verifikation mit fünf Annotatoren validiert, die 25 zufällig ausgewählte Aufgaben anhand von sechs strukturierten Kriterien bewerteten, und die Ergebnisse wurden durch quantitative Metriken wie Leakage-Raten, Konsens-Wahrscheinlichkeiten und Task-Success-Raten sowie LLM-as-a-Judge Evaluierung systematisch analysiert.",0.09259259259259259,0.0423728813559322,0.05813953488372092,0.018867924528301886,0.008547008547008548,0.011764705882352941,0,0,0,0,0,0,False
P3_Q1,Welche drei Hauptparameter (state vector v) verwendet das AHS-System zur Entscheidungsfindung und welche konkreten Schwellenwerte wurden durch Bayesian Optimization ermittelt?,"Es tut mir leid, aber im bereitgestellten Kontext sind keine Informationen über die drei Hauptparameter (state vector v) des AHS-Systems oder die durch Bayesian Optimization ermittelten Schwellenwerte enthalten. Bitte stellen Sie sicher, dass der Kontext diese spezifischen Informationen enthält, damit ich Ihnen eine genaue Antwort geben kann.","Das AHS-System verwendet einen dreidimensionalen Zustandsvektor v = (n, k, H) zur dynamischen Entscheidungsfindung. Dabei repräsentiert n die Eingabegröße (Kardinalität des Arrays), k den Wertebereich (max(arr) - min(arr) + 1), und H die Informationsentropie (−∑ᵢ₌₁ᵏ pᵢ log₂ pᵢ). Durch multi-objektive Bayesian Optimization wurden die optimalen Schwellenwerte ermittelt: nthreshold = 20 (gegenüber theoretischen 16), kthreshold = 1.024 (gegenüber theoretischen 1.000), und kmax = 10⁶ (gegenüber theoretischen 2²⁰). Die Kalibrierung erfolgte durch Minimierung einer gewichteten Summe aus normalisierter Ausführungszeit und Speicherverbrauch mit α = 0.7 als Zeit-Speicher-Tradeoff-Parameter.",0.14893617021276595,0.08235294117647059,0.10606060606060606,0.021739130434782608,0.011904761904761904,0.015384615384615384,0,0,1,0,0,1,False
P3_Q2,Wie wurde der XGBoost-Klassifikator trainiert und welche Accuracy erreichte er bei der Vorhersage der optimalen Sortierstrategie?,"Es tut mir leid, aber ohne spezifische Informationen aus dem bereitgestellten Kontext kann ich nicht beantworten, wie der XGBoost-Klassifikator trainiert wurde oder welche Genauigkeit er bei der Vorhersage der optimalen Sortierstrategie erreichte. Bitte stellen Sie sicher, dass der Kontext die notwendigen Details enthält, damit ich Ihnen eine präzise Antwort geben kann.","Der XGBoost-Klassifikator wurde auf 10.000 synthetischen Datensätzen trainiert, die verschiedene Kombinationen von Eingabeparametern abdeckten: n ∈ [10³, 10⁹], k ∈ [10, 10⁶], und H ∈ [0, log₂ k]. Das Modell erreichte eine Vorhersagegenauigkeit von 92.4% bei der Auswahl der optimalen Sortierstrategie, ergänzt durch einen F1-Score von 0.89, was robuste Performance auch bei unausgewogenen Strategieverteilungen demonstriert. Die Entscheidungslatenz beträgt nur 0.2ms pro Entscheidung, während das durch 8-Bit-Quantisierung optimierte Modell lediglich 1MB Speicher benötigt, was es für ressourcenbeschränkte Edge-Computing-Umgebungen geeignet macht.",0.1568627450980392,0.10126582278481013,0.12307692307692307,0.04,0.02564102564102564,0.03125,0,0,1,0,0,1,False
P3_Q3,"Unter welchen spezifischen Bedingungen wählt das System Counting Sort, Radix Sort oder QuickSort, basierend auf den Werten von k und H?","Es tut mir leid, aber der bereitgestellte Kontext enthält keine Informationen über die spezifischen Bedingungen, unter denen das System Counting Sort, Radix Sort oder QuickSort basierend auf den Werten von k und H wählt. Bitte stellen Sie sicher, dass der Kontext diese Details enthält, damit ich Ihnen eine präzise Antwort geben kann.","Das System implementiert eine hierarchische Entscheidungslogik basierend auf den Werten von k und H: Counting Sort wird gewählt, wenn k ≤ 1000 (kleine Schlüsselbereiche) für optimale lineare Zeitkomplexität; Radix Sort kommt zum Einsatz, wenn k > 10⁶ UND H < 0.7·log₂(k) (große Bereiche mit strukturierten, niedrig-entropischen Daten) für überlegene Speichercharakteristika; QuickSort dient als Fallback-Strategie für alle anderen allgemeinen Fälle und gewährleistet robuste O(n log n) Performance. Zusätzlich wird Insertion Sort automatisch für sehr kleine Datensätze (n ≤ 20) ausgewählt, um dessen exceptional Cache-Effizienz in diesem Bereich zu nutzen.",0.2692307692307692,0.1590909090909091,0.19999999999999998,0.13725490196078433,0.08045977011494253,0.10144927536231883,0,0,0,0,0,0,False
P3_Q4,Welche Performance-Verbesserungen (in Prozent) wurden im Vergleich zu statischen Sortieralgorithmen auf verschiedenen Datensätzen erzielt?,"Es tut mir leid, aber im bereitgestellten Kontext gibt es keine Informationen über die Performance-Verbesserungen (in Prozent) im Vergleich zu statischen Sortieralgorithmen auf verschiedenen Datensätzen. Bitte stellen Sie sicher, dass der Kontext relevante Details zu diesem Thema enthält, damit ich Ihnen eine genaue Antwort geben kann.","Die experimentellen Ergebnisse zeigen signifikante Performance-Steigerungen: AHS erreichte 30-40% Reduktion der Ausführungszeit gegenüber konventionellen statischen Sortieralgorithmen across diverse Datensätze. Bei großskaligen Benchmarks mit n = 10⁹ Elementen benötigte AHS nur 210 Sekunden gegenüber 380 Sekunden für Timsort, was einer 45% Verbesserung entspricht. Für mittlere Datensätze (n = 10⁷) wurde ein 1.8× Speedup (2.1s vs 3.8s) erreicht, während die Speichernutzung konstant bei 8GB blieb gegenüber 12GB für Counting Sort, was die Eignung für moderne Big-Data-Anwendungen demonstriert.",0.08695652173913043,0.05333333333333334,0.06611570247933883,0.022222222222222223,0.013513513513513514,0.01680672268907563,0,0,1,0,0,1,False
P3_Q5,"Wie wurde die Hardware-aware Optimierung implementiert, insbesondere die dynamische Anpassung von k_max basierend auf L3-Cache und Thread Count?","Es tut mir leid, aber ohne spezifische Informationen im bereitgestellten Kontext kann ich keine Details zur Implementierung der Hardware-aware Optimierung oder zur dynamischen Anpassung von k_max basierend auf L3-Cache und Thread Count geben. Bitte stellen Sie sicher, dass der Kontext relevante Informationen zu diesem Thema enthält.","Die Hardware-aware Optimierung implementiert eine dynamische Anpassung von kmax basierend auf Systemressourcen gemäß der Formel kmax = (L3 Cache)/(4 × Thread Count). Diese Implementierung gewährleistet Thread-Parallelismus bei gleichzeitig speichereffizienter Cache-Nutzung und resultierte in einer 12% Erhöhung der Cache-Auslastung verglichen mit statischen Ansätzen. Das System aktiviert konditionale Parallelisierung nur wenn vorteilhaft: Radix Sort zeigt besonders effektive Skalierung mit 1.79× Speedup für Datensätze > 10⁶ Elemente trotz 12% Thread-Management-Overhead, während Quicksort aufgrund signifikanter Synchronisationskosten (47% Overhead) limitierte Parallelisierbarkeit (1.12× Speedup) aufweist.",0.2391304347826087,0.13924050632911392,0.176,0.06666666666666667,0.038461538461538464,0.04878048780487805,0,0,0,0,0,0,False
P3_META_Q1,Wer sind die Autoren des Papers 'Adaptive Hybrid Sort: Dynamic Strategy Selection for Optimal Sorting'?,"Es tut mir leid, aber im bereitgestellten Kontext sind keine Informationen über die Autoren des Papers 'Adaptive Hybrid Sort: Dynamic Strategy Selection for Optimal Sorting' enthalten.",Shrinivass Arunachalam Balasubramanian,0.0,0.0,0.0,0.0,0.0,0.0,0,0,1,0,0,1,False
P3_META_Q2,Welche Forschungsmethodik wurde im Paper 'Adaptive Hybrid Sort: Dynamic Strategy Selection for Optimal Sorting' hauptsächlich angewandt?,"Es tut mir leid, aber im bereitgestellten Kontext gibt es keine Informationen über die Forschungsmethodik, die im Paper 'Adaptive Hybrid Sort: Dynamic Strategy Selection for Optimal Sorting' angewandt wurde.","Die Forschungsmethodik des Adaptive Hybrid Sort Papers basiert hauptsächlich auf einem experimentellen Algorithm-Engineering-Ansatz, der empirische Evaluation mit theoretischer Fundierung kombiniert. Das Vorgehen umfasst: (1) Systematic Algorithm Design durch Entwicklung einer adaptiven Hybrid-Architektur mit Feature-Extraktion und ML-basierter Entscheidungsfindung, (2) Comprehensive Benchmarking mit 15 sorgfältig konstruierten Datensätzen spanning drei Kategorien (synthetisch, real-world, edge cases) zur Stress-Testing aller Entscheidungspfade, (3) Machine Learning Integration durch Training eines XGBoost-Klassifikators auf 10.000 synthetischen Datensätzen mit 92.4% Accuracy, (4) Multi-objective Optimization mittels Bayesian Optimization zur Threshold-Kalibrierung mit gewichteter Zeit-Speicher-Tradeoff-Funktion, und (5) Comparative Performance Analysis gegen etablierte Baseline-Algorithmen (Timsort, Introsort, Radix Sort, Counting Sort) mit detailliertem Microbenchmarking unter kontrollierten Bedingungen. Die Methodologie wird durch formale Verifikation der Korrektheit via struktureller Induktion und theoretische Komplexitätsanalyse ergänzt, wobei die Evaluation auf einer Windows 11/WSL2-Umgebung mit TypeScript/Node.js-Implementation durchgeführt wurde.",0.10344827586206896,0.0234375,0.038216560509554146,0.0,0.0,0.0,0,0,1,0,0,1,False
P4_Q1,Welche spezifischen CUPTI-Tabellen wurden analysiert und wie viele Entitäten enthielt jede Tabelle nach dem Left-Join?,"Es tut mir leid, aber ohne den spezifischen Kontext oder die Dokumente, die die CUPTI-Tabellen und die Anzahl der Entitäten nach dem Left-Join beschreiben, kann ich keine genaue Antwort geben. Bitte stellen Sie sicher, dass die relevanten Informationen im Kontext enthalten sind, damit ich Ihnen weiterhelfen kann.","Laut Tabelle 1 wurden drei spezifische CUPTI-Tabellen analysiert: KERNEL (CUPTI_ACTIVITY_KIND_KERNEL) mit 842.054 Entitäten für alle Ranks, MEMCPY (CUPTI_ACTIVITY_KIND_MEMCPY) mit variierenden Entitäten pro Rank (107.045 für Rank 0, 107.099 für Rank 1, 1.070.545 für Rank 2, und 107.045 für Rank 3), sowie GPU (TARGET_INFO_GPU) mit 4 Entitäten für alle Ranks. Nach dem Left-Join-Prozess ergaben sich approximativ 93 Millionen Entitäten, die zur weiteren Analyse verwendet wurden.",0.10638297872340426,0.078125,0.0900900900900901,0.0,0.0,0.0,0,0,1,0,0,1,False
P4_Q2,Warum entschieden sich die Autoren für Block Partitioning statt Cyclic Partitioning bei der Verteilung der Shards auf MPI-Ranks?,"Es tut mir leid, aber ohne spezifische Informationen aus dem bereitgestellten Kontext kann ich nicht erklären, warum die Autoren sich für Block Partitioning statt Cyclic Partitioning bei der Verteilung der Shards auf MPI-Ranks entschieden haben. Bitte stellen Sie sicher, dass der relevante Kontext bereitgestellt wird, damit ich eine genaue Antwort geben kann.","Die Autoren entschieden sich für Block Partitioning über Cyclic Partitioning, da der Datensatz statisch ist und eine hohe Workload-Vorhersagbarkeit aufweist. Block Partitioning weist zusammenhängende Shards jedem Rank zu, was den Query-Overhead reduziert, die Datenlokalität verbessert und eine effiziente SQL-Query-Ausführung ermöglicht. Diese Methode ist besonders vorteilhaft für statische Datensätze, da sie die Kommunikationskosten zwischen den Ranks minimiert und die Cache-Effizienz maximiert.",0.23076923076923078,0.2,0.21428571428571427,0.058823529411764705,0.05084745762711865,0.05454545454545455,0,0,0,0,0,0,False
P4_Q3,Welche Methode wurde zur Identifikation der Top-5 anomalous shards verwendet und wie funktioniert diese?,"Es tut mir leid, aber im bereitgestellten Kontext gibt es keine Informationen darüber, welche Methode zur Identifikation der Top-5 anomalous shards verwendet wurde oder wie diese funktioniert. Bitte stellen Sie sicher, dass der relevante Kontext bereitgestellt wird, damit ich Ihnen eine genaue Antwort geben kann.","Zur Identifikation der Top-5 anomalous Shards verwendeten die Autoren die Inter-Quartile Range (IQR) Methode. Diese statistische Methode berechnet zunächst gemeinsame Statistiken (Minimum, Maximum, Standardabweichung) kollaborativ über alle P Ranks in einem Round-Robin-Verfahren. Anschließend werden diese gemeinsamen Statistiken verwendet, um Anomalien zu identifizieren, wobei die IQR-Methode Ausreißer basierend auf der Verteilung der Daten innerhalb der Quartile bestimmt und die fünf auffälligsten Shards zur detaillierten Analyse auswählt.",0.17777777777777778,0.12307692307692308,0.14545454545454545,0.06818181818181818,0.046875,0.05555555555555555,0,0,0,0,0,0,False
P4_Q4,Was zeigt die Analyse der Memory Stall Duration für Rank 2 bezüglich der Device-to-Host und Host-to-Device Transfers?,"Es tut mir leid, aber es wurden keine spezifischen Informationen im Kontext bereitgestellt, die eine Analyse der Memory Stall Duration für Rank 2 bezüglich der Device-to-Host und Host-to-Device Transfers ermöglichen. Bitte stellen Sie sicher, dass der Kontext relevante Details zu diesem Thema enthält, damit ich eine präzise Antwort geben kann.","Die Analyse der Memory Stall Duration für Rank 2 ergab, dass Device-to-Host und Host-to-Device Transfers dominieren, was auf häufige Ping-Pong-Muster hindeutet, die durch ineffiziente Batch-Verarbeitung verursacht werden. Im Gegensatz dazu zeigen spärliche Device-to-Device Transfers seltene Intra-GPU-Operationen an, was Optimierungsmöglichkeiten durch Shared Memory Reuse oder Tiling-Strategien aufzeigt. Diese Erkenntnisse deuten darauf hin, dass die Datenübertragungseffizienz zwischen Host und Device ein kritischer Engpass für die Performance darstellt.",0.28,0.2153846153846154,0.24347826086956526,0.20408163265306123,0.15625,0.17699115044247787,0,0,1,0,0,1,False
P4_Q5,Wie skaliert die Performance des Frameworks mit zunehmender Anzahl von MPI-Ranks für Data Generation und Data Aggregation?,"Es tut mir leid, aber ohne spezifische Informationen im bereitgestellten Kontext kann ich keine genaue Antwort darauf geben, wie die Performance des Frameworks mit zunehmender Anzahl von MPI-Ranks für Data Generation und Data Aggregation skaliert. Bitte stellen Sie sicher, dass der Kontext relevante Details zu diesem Thema enthält, damit ich Ihnen eine präzise Antwort geben kann.","Das Framework zeigt eine positive Skalierung mit zunehmender Anzahl von MPI-Ranks, wobei sowohl die Data Generation als auch die Data Aggregation Phase eine Verringerung der Ausführungszeit bei steigender Rank-Anzahl aufweisen. Figure 1(c) demonstriert, dass sich die Zeiten für beide Phasen mit mehr MPI-Ranks reduzieren, was beweist, dass die Pipeline skalierbar ist und große Datenmengen effizient verarbeiten kann. Diese Skalierbarkeit wird durch die verteilte Architektur ermöglicht, die die Arbeitslast gleichmäßig auf alle verfügbaren Ranks verteilt und Bottlenecks vermeidet.",0.2857142857142857,0.2077922077922078,0.2406015037593985,0.09090909090909091,0.06578947368421052,0.07633587786259541,0,0,1,0,0,1,False
P4_META_Q1,Wer sind die Autoren des Papers 'Scalable GPU Performance Variability Analysis framework'?,"Es tut mir leid, aber im bereitgestellten Kontext sind keine Informationen über die Autoren des Papers 'Scalable GPU Performance Variability Analysis framework' enthalten.",Ankur Lahiry and Ayush Pokharel and Seth Ockerman and Amal Gueroudji and Line Pouchard and Tanzima Z. Islam,0.0,0.0,0.0,0.0,0.0,0.0,0,0,1,0,0,1,False
P4_META_Q2,Welche Forschungsmethodik wurde im Paper 'Scalable GPU Performance Variability Analysis framework' hauptsächlich angewandt?,"Es tut mir leid, aber im bereitgestellten Kontext gibt es keine Informationen über die Forschungsmethodik, die im Paper 'Scalable GPU Performance Variability Analysis framework' angewandt wurde.","Die Autoren entwickelten ein distributed data analysis framework als technische Lösung für das Problem der skalierbaren Analyse von GPU-Performance-Logs. Die Forschungsmethodik umfasste mehrere Komponenten: Zunächst wurde ein zweistufiges Pipeline-Design entworfen, bestehend aus einer Data Generation Phase zur Extraktion und Sharding von Execution Traces und einer Data Aggregation Phase zur Konsolidierung und Analyse der Daten. Das Framework wurde dann experimentell auf dem Texas Advanced Computing Center's Lonestar6 Supercomputer evaluiert, wobei reale HPC- und AI-Workload-Daten von Nsight Compute Traces verwendet wurden. Die empirische Evaluation erfolgte durch Performance-Messungen mit verschiedenen MPI-Konfigurationen, um die Skalierbarkeit des Systems zu demonstrieren. Zusätzlich wendeten die Autoren statistische Analysemethoden wie die Inter-Quartile Range (IQR) zur Anomalieerkennung an und führten eine detaillierte Analyse der Memory Stall Patterns durch. Die Methodik folgt dem typischen Systems Research Ansatz: Problemidentifikation (Skalierbarkeit von GPU-Performance-Analyse), Systemdesign (distributed framework), Implementierung, experimentelle Evaluation auf realer Hardware und empirische Analyse der Ergebnisse zur Validierung der Effektivität des vorgeschlagenen Ansatzes.",0.07692307692307693,0.013157894736842105,0.02247191011235955,0.0,0.0,0.0,0,0,0,0,0,0,False
P5_Q1,"Wie wird das Defence-in-Depth-Modell konkret strukturiert und welche spezifischen Überschneidungen bestehen zwischen den drei Hauptbereichen Risk Assessment, Development und Control?","Es tut mir leid, aber ohne spezifischen Kontext oder Dokumente kann ich keine detaillierte Analyse oder Antwort zum Defence-in-Depth-Modell und dessen Strukturierung sowie den Überschneidungen zwischen den Bereichen Risk Assessment, Development und Control geben. Bitte stellen Sie sicher, dass der relevante Kontext bereitgestellt wird, damit ich Ihnen eine präzise Antwort geben kann.","Das Defence-in-Depth-Modell strukturiert die AI Safety Forschung in drei Hauptbereiche: Risk Assessment (Bewertung der Schwere und Wahrscheinlichkeit potenzieller Schäden), Development (Entwicklung vertrauenswürdiger, zuverlässiger und sicherer Systeme) und Control (Überwachung und Intervention nach der Bereitstellung). Die spezifischen Überschneidungen werden in Figure 1 als Venn-Diagramm illustriert: Zwischen Assessment und Development liegt Specification, validation, assurance, zwischen Assessment und Control Real-time monitoring, zwischen Development und Control E.g. jailbreak refusal, und im Zentrum aller drei Bereiche befinden sich grundlegende Sicherheitstechniken. Diese Überschneidungen entstehen durch unterschiedliche Definitionen dessen, was als Teil des Systems versus als kontrollierende Feedback-Schleifen betrachtet wird.",0.19230769230769232,0.10752688172043011,0.13793103448275862,0.0392156862745098,0.021739130434782608,0.027972027972027972,0,0,0,0,0,0,False
P5_Q2,"Welche acht Personen bildeten das Expert Planning Committee und aus welchen Institutionen stammten sie, und wie gestaltete sich der mehrstufige Feedback-Prozess zur Konsensbildung?","Es tut mir leid, aber ohne den spezifischen Inhalt der Kontextdokumente kann ich keine Informationen über die Mitglieder des Expert Planning Committee oder den Feedback-Prozess zur Konsensbildung bereitstellen. Bitte stellen Sie sicher, dass der relevante Kontext bereitgestellt wird, damit ich Ihnen eine genaue Antwort geben kann.","Das Expert Planning Committee bestand aus acht Personen: Dawn Song (UC Berkeley), Lan Xue (Tsinghua University), Luke Ong (Nanyang Technological University), Max Tegmark (MIT), Stuart Russell (UC Berkeley), Tegan Maharaj (MILA), Ya-Qin Zhang (Tsinghua University) und Yoshua Bengio (MILA). Der mehrstufige Feedback-Prozess gestaltete sich folgendermaßen: Zunächst erstellte das Committee einen Konsultationsentwurf, der an alle Konferenzteilnehmer verteilt wurde, um umfassendes Feedback einzuholen. Nach mehreren Runden von schriftlichen und persönlichen Rückmeldungen der Teilnehmer wurde das Dokument überarbeitet, um Punkte des breiten Konsenses unter den diversen Forschern zu synthetisieren.",0.17391304347826086,0.09302325581395349,0.12121212121212122,0.044444444444444446,0.023529411764705882,0.030769230769230767,0,0,0,0,0,0,False
P5_Q3,Was sind 'Areas of mutual interest' im Kontext der AI Safety Forschung und welche konkreten Beispiele werden für potentiell kooperative Forschungsbereiche genannt?,"Es tut mir leid, aber ohne den spezifischen Kontext kann ich keine genaue Antwort auf die Frage geben, was 'Areas of mutual interest' im Kontext der AI Safety Forschung sind oder welche konkreten Beispiele für potentiell kooperative Forschungsbereiche genannt werden. Bitte stellen Sie sicher, dass der relevante Kontext bereitgestellt wird, damit ich Ihnen eine präzise Antwort geben kann.","Areas of mutual interest bezeichnen Forschungsbereiche, bei denen verschiedene Akteure (Unternehmen, Länder) trotz Konkurrenz gemeinsame Interessen haben und Anreize bestehen, Informationen und Forschungsergebnisse zu teilen. Das Paper gibt konkrete Beispiele: bestimmte Verifikationsmechanismen, Risikomanagement-Standards und Risikobewertungen, da diese minimalen Wettbewerbsvorteil bieten, aber einem gemeinsamen Interesse dienen. Ähnlich wie konkurrierende Flugzeughersteller (Boeing und Airbus) bei Flugsicherheitsinformationen und -standards kooperieren, könnten AI-Akteure bei der Zusammenarbeit profitieren, da niemand von AI-Zwischenfällen oder der Ermächtigung böswilliger Akteure profitiert.",0.10344827586206896,0.0821917808219178,0.0916030534351145,0.017543859649122806,0.013888888888888888,0.015503875968992248,0,0,0,0,0,0,False
P5_Q4,Welche spezifischen Definitionen werden für die Begriffe 'Artificial General Intelligence (AGI)' und 'Artificial Superintelligence (ASI)' im Glossar gegeben?,"Es tut mir leid, aber im bereitgestellten Kontext sind keine spezifischen Definitionen für die Begriffe 'Artificial General Intelligence (AGI)' und 'Artificial Superintelligence (ASI)' enthalten.","Das Glossar definiert Artificial General Intelligence (AGI) als AI that can do most cognitive work as well as humans. This implies that it is highly autonomous and can do most economically valuable remote work as well as humans. Artificial Superintelligence (ASI) wird definiert als AI that can accomplish any cognitive work far beyond human level. Zusätzlich wird AGI in Figure 2 als Schnittmenge von drei Eigenschaften dargestellt: Autonomy (A), Generality (G) und Intelligence (I), wobei Systeme mit allen drei Eigenschaften am schwierigsten zu kontrollieren sind.",0.16666666666666666,0.047058823529411764,0.07339449541284404,0.043478260869565216,0.011904761904761904,0.018691588785046728,0,0,1,0,0,1,False
P5_Q5,Wie wird Ashby's Law of Requisite Variety im Kontext der AI-Kontrolle erklärt und welche Implikationen ergeben sich daraus für Human-centric Oversight?,"Es tut mir leid, aber ohne spezifischen Kontext oder Dokumente, die Informationen über Ashby's Law of Requisite Variety im Zusammenhang mit der AI-Kontrolle und den Implikationen für Human-centric Oversight enthalten, kann ich keine genaue Antwort geben. Bitte stellen Sie sicher, dass relevante Informationen oder Dokumente bereitgestellt werden, damit ich Ihnen weiterhelfen kann.","Ashby's Law of Requisite Variety besagt, dass für Sicherheitsgarantien ein Kontrollsystem generell mindestens so viel Komplexität haben muss wie das System, das es zu kontrollieren versucht. Im Kontext von Human-centric Oversight bedeutet dies, dass es natürliche Grenzen für die Kontrollierbarkeit von Systemen gibt, basierend auf Denkgeschwindigkeit, Proaktivität, Expertisegrad, Aufmerksamkeit für Details und Zuverlässigkeit menschlicher Operatoren. Selbst mit AI-Assistenz, die Menschen beim Verstehen des gegebenen Kontexts unterstützen, deutet das Gesetz darauf hin, dass das kontrollierende System mindestens so viel Ausdrucksfähigkeit haben muss wie das kontrollierte System. Dies stellt eine fundamentale Herausforderung für die Überwachung hochentwickelter AI-Systeme dar.",0.25,0.13541666666666666,0.17567567567567569,0.09803921568627451,0.05263157894736842,0.06849315068493152,0,0,0,0,0,0,False
P5_META_Q1,Wer sind die Autoren des Papers 'The Singapore Consensus on Global AI Safety Research Priorities'?,"Es tut mir leid, aber ohne den spezifischen Kontext oder die Informationen über die Autoren des Papers 'The Singapore Consensus on Global AI Safety Research Priorities' kann ich keine Antwort geben. Bitte stellen Sie sicher, dass die relevanten Informationen im bereitgestellten Kontext enthalten sind.",Yoshua Bengio and Tegan Maharaj and Luke Ong and Stuart Russell and Dawn Song and Max Tegmark and Lan Xue and Ya-Qin Zhang and Stephen Casper and Wan Sie Lee and Sören Mindermann and Vanessa Wilfred and Vidhisha Balachandran and Fazl Barez and Michael Belinsky and Imane Bello and Malo Bourgon and Mark Brakel and Siméon Campos and Duncan Cass-Beggs and Jiahao Chen and Rumman Chowdhury and Kuan Chua Seah and Jeff Clune and Juntao Dai and Agnes Delaborde and Nouha Dziri and Francisco Eiras and Joshua Engels and Jinyu Fan and Adam Gleave and Noah Goodman and Fynn Heide and Dan Hendrycks and Cyrus Hodes and Bryan Low Kian Hsiang and Minlie Huang and Sami Jawhar and Wang Jingyu and Adam Tauman Kalai and Meindert Kamphuis and Mohan Kankanhalli and Subhash Kantamneni and Mathias Bonde Kirk and Thomas Kwa and Jeffrey Ladish and Kwok-Yan Lam and Wan Lee Sie and Taewhi Lee and Xiaojian Li and Jiajun Liu and Chaochao Lu and Yifan Mai and Richard Mallah and Julian Michael and Nick Moës and Simon Möller and Kihyuk Nam and Kwan Yee Ng and Mark Nitzberg and Besmira Nushi and Seán O hÉigeartaigh and Alejandro Ortega and Pierre Peigné and James Petrie and Benjamin Prud'Homme and Reihaneh Rabbany and Nayat Sanchez-Pi and Sarah Schwettmann and Buck Shlegeris and Saad Siddiqui and Aradhana Sinha and Martín Soto and Cheston Tan and Dong Ting and Robert Trager and Brian Tse and Anthony Tung K. H. and Vanessa Wilfred and John Willes and Denise Wong and Wei Xu and Rongwu Xu and Yi Zeng and HongJiang Zhang and Djordje Žikelić,0.022727272727272728,0.0037313432835820895,0.006410256410256411,0.0,0.0,0.0,0,0,1,0,0,1,False
P5_META_Q2,Welche Forschungsmethodik wurde im Paper 'The Singapore Consensus on Global AI Safety Research Priorities' hauptsächlich angewandt?,"Es tut mir leid, aber im bereitgestellten Kontext gibt es keine Informationen über die Forschungsmethodik, die im Paper 'The Singapore Consensus on Global AI Safety Research Priorities' angewandt wurde.","Die hauptsächlich angewandte Forschungsmethodik war eine systematische Literatursynthese kombiniert mit einem strukturierten Expertenkonsultationsprozess. Das Dokument stellt eine umfassende Synthese von Forschungsvorschlägen dar, die aus dem International AI Safety Report-B und komplementären aktuellen Forschungspriorisierungsrahmen stammen, einschließlich Arbeiten von UK AISI, Anthropic, Anwar, Bengio, GDM, Hendrycks, Ji, Li, OpenAI, NIST, Reuel, Slattery und Weidinger. Der methodische Ansatz folgte einem mehrstufigen Verfahren: Zunächst erstellte das Expert Planning Committee einen Konsultationsentwurf, der dann an alle Konferenzteilnehmer der SCAI 2025 (über 100 Teilnehmer aus 11 Ländern) verteilt wurde. Nach mehreren Runden von schriftlichem und persönlichem Feedback wurde das Dokument iterativ überarbeitet, um Punkte des breiten Konsenses unter den diversen Forschern zu synthetisieren. Diese Methodik zielte darauf ab, sowohl die bestehende Literatur systematisch zu erfassen als auch durch den Multi-Stakeholder-Konsultationsprozess (Akademie, Industrie, Regierung, Zivilgesellschaft) eine breite Legitimität und Repräsentativität der identifizierten Forschungsprioritäten zu gewährleisten.",0.1724137931034483,0.036231884057971016,0.059880239520958084,0.03571428571428571,0.0072992700729927005,0.01212121212121212,0,0,1,0,0,1,False
