question_id,question_string,answer_llm,answer_gold,precision-1,recall-1,ROUGE-1,precision-2,recall-2,ROUGE-2,factual_correctness,completeness,relevance,justification,depth,overall_score,pass
P1_Q1,"Welche spezifischen Herausforderungen identifizierten die Autoren beim Einsatz von OCR in den Agriculture- und Healthcare-PDFs, und welche Lösungsansätze wurden implementiert?","Die Autoren identifizierten spezifische Herausforderungen beim Einsatz von OCR in den Bereichen Landwirtschaft und Gesundheitswesen, insbesondere die Auswirkungen von fehlerhaften OCR-Ausgaben auf die Qualität der FAISS-Datenbank. Diese fehlerhaften OCR-Ausgaben führten zu einer Verschlechterung der Qualität der abgerufenen Informationen. Um diese Herausforderung zu bewältigen, wurden TesseractOCR und easyOCR eingesetzt, zusammen mit einer regex-basierten Bereinigung, um den extrahierten Text zu verbessern. Diese Maßnahmen halfen, die Genauigkeit und Relevanz der abgerufenen Informationen zu erhöhen.","Die Autoren identifizierten noisy OCR-Output als Hauptherausforderung, der die FAISS-Qualität in Agriculture- und Healthcare-PDFs erheblich degradierte und die Retrieval-Genauigkeit limitierte. Als Lösungsansätze implementierten sie eine Kombination aus TesseractOCR und easyOCR als alternative OCR-Engines, ergänzt durch regex-basierte Cleanup-Verfahren zur systematischen Nachbearbeitung des extrahierten Texts. Zusätzlich integrierten sie PyMuPDF für die Extraktion sowohl text-basierter als auch bild-basierter Inhalte und führten systematische Datenbereinigungsverfahren ein, die die Entfernung von OCR-Rauschen und Duplikaten zur Verbesserung der Retrieval-Qualität ohne Modifikation der Modelle ermöglichten.",0.2535211267605634,0.23376623376623376,0.24324324324324323,0.05714285714285714,0.05263157894736842,0.05479452054794521,2,1,2,1,1,7,True
P1_Q2,"Wie unterscheidet sich die Systemarchitektur zwischen dem Disarm RAG und den anderen vier implementierten Systemen, insbesondere hinsichtlich der Datenschutzanforderungen?","Die Systemarchitektur des Disarm RAG unterscheidet sich von den anderen vier implementierten Systemen insbesondere hinsichtlich der Datenschutzanforderungen. Das Disarm RAG ist auf einem sicheren Server im Finnish IT Center for Science (CSC6) gehostet, was volle Datensicherheit gewährleistet. Dies ist ein spezifisches Merkmal, das es von den anderen Systemen abhebt, da es besonders auf den Schutz sensibler Daten im Bereich der Cybersicherheit abzielt. Zudem verwendet es LLaMA 2-uncensored via Ollama, um offenen Zugang zu Wissen im Bereich der Cybersicherheit zu ermöglichen. Ein weiteres Unterscheidungsmerkmal ist, dass das Disarm RAG absichtlich Quelleninformationen verbirgt, was zu einer niedrigeren Bewertung in Bezug auf Transparenz führte. Diese Designentscheidung hebt es ebenfalls von den anderen Systemen ab, die möglicherweise andere Ansätze zur Transparenz und Datenverarbeitung verfolgen.","Das Disarm RAG-System unterscheidet sich fundamental von den anderen vier Systemen durch seine sicherheitsorientierte Architektur und Datenschutzanforderungen. Es wird auf einem sicheren Server bei CSC (Finnish IT Center for Science) gehostet, um vollständige Datenprivatsphäre zu gewährleisten, und verwendet LLaMA 2-uncensored via Ollama für offenen Zugang zu Cybersecurity-Wissen. Der entscheidende Unterschied liegt darin, dass Disarm RAG bewusst auf Quellzitationen verzichtet, während alle anderen Systeme Quellenreferenzen zur Transparenz anzeigen - diese Ausnahme erfolgt aufgrund der Sensitivität von Cybersecurity-Inhalten, um sensitive Materialien zu schützen und gleichzeitig GDPR-Risiken zu reduzieren.",0.31666666666666665,0.4418604651162791,0.3689320388349514,0.13445378151260504,0.18823529411764706,0.15686274509803924,2,2,2,2,2,10,True
P1_Q3,"Welche konkreten Metriken und Bewertungsdimensionen wurden in der Web-basierten Nutzerstudie mit 100 Teilnehmern verwendet, und was waren die Haupterkenntnisse?","In der Web-basierten Nutzerstudie mit 100 Teilnehmern wurden sechs konkrete Metriken und Bewertungsdimensionen verwendet:

1. **Benutzerfreundlichkeit (Ease of Use):** Wie einfach war es, das System zu nutzen?
2. **Relevanz der Informationen (Relevance of Information):** Hat das System relevante und nützliche Informationen für die Anfragen bereitgestellt?
3. **Transparenz (Transparency):** Hat das System gezeigt, woher die Informationen stammen?
4. **Systemreaktionsfähigkeit (System Responsiveness):** Wie wurde die Reaktionsfähigkeit des Systems bei der Beantwortung von Anfragen bewertet?
5. **Genauigkeit der Antworten (Accuracy of Answers):** Wie genau waren die vom System generierten Antworten basierend auf dem Wissen der Teilnehmer?
6. **Empfehlung (Recommendation):** Würden die Teilnehmer das Tool Kollegen in ihrem Bereich empfehlen?

Die Haupterkenntnisse der Studie waren:

- **Benutzerfreundlichkeit und Genauigkeit der Antworten** wurden durchweg positiv bewertet.
- **Transparenz** und **Empfehlung** zeigten größere Variationen, was teilweise auf Designentscheidungen zurückzuführen war, wie z.B. die absichtliche Nichtanzeige von Quellen im Disarm RAG-System.
- Die **Relevanz der Informationen** und die **Systemreaktionsfähigkeit** erhielten gemischte Bewertungen, abhängig vom spezifischen System.
- Ein Großteil der Teilnehmer (82%) hatte bereits Erfahrung mit solchen Systemen, was die Zuverlässigkeit des gesammelten Feedbacks stärkte.
- Die Teilnehmer zeigten ein hohes Maß an Vertrauen in die von KI generierten Antworten, wobei 73% sich entweder größtenteils oder sehr wohl damit fühlten,Die Adaptive Hybrid Sort (AHS) erzielte im Vergleich zu rein statischen Ansätzen eine 12-prozentige Verbesserung der Cache-Nutzung.,Die experimentellen Ergebnisse zeigen signifikante Performance-Steigerungen: AHS erreichte 30-40% Reduktion der Ausführungszeit gegenüber konventionellen statischen Sortieralgorithmen across diverse Datensätze. Bei großskaligen Benchmarks mit n = 10⁹ Elementen benötigte AHS nur 210 Sekunden gegenüber 380 Sekunden für Timsort, was einer 45% Verbesserung entspricht. Für mittlere Datensätze (n = 10⁷) wurde ein 1.8× Speedup (2.1s vs 3.8s) erreicht, während die Speichernutzung konstant bei 8GB blieb gegenüber 12GB für Counting Sort, was die Eignung für moderne Big-Data-Anwendungen demonstriert., Relevance of Information, Transparency, System Responsiveness,0, ergänzt durch qualitative offene Feedback-Fragen. Die Haupterkenntnisse zeigten, dass Ease of Use und Accuracy of Answers konstant positive Bewertungen erhielten, während Transparency und Recommendation stärkere Variation zwischen den Systemen aufwiesen. Besonders bedeutsam war, dass 83% der Teilnehmer eine aufgabenabhängige Präferenz für KI-generierte Antworten zeigten, was darauf hinweist, dass Vertrauen in RAG-Systeme kontingent und nicht absolut ist, abhängig von Antwortrelevanz, Transparenz und Ausrichtung auf die Nutzerintention.",0.14903846153846154,0.32978723404255317,0.2052980132450331,0.028985507246376812,0.06451612903225806,0.039999999999999994,0.04938271604938271,2,2,2,2,2,10,True
P1_Q4,Warum wählten die Autoren Poro-34B für das AgriHubi-System und welche Vorteile bot dieses Modell gegenüber GPT-4o für finnischsprachige Inhalte?,"Die Autoren wählten das Modell Poro-34B für das AgriHubi-System, weil es speziell für die finnische Sprache optimiert ist. Im Gegensatz zu allgemeinen Modellen wie GPT-4o, die Schwierigkeiten mit domänenspezifischen und finnischsprachigen Anfragen hatten, konnte Poro-34B kontextuell relevantere Antworten liefern. Dies machte es besonders geeignet für die Verarbeitung von über 200 finnischsprachigen PDFs im Bereich der Landwirtschaft, um Themen wie nachhaltige Landwirtschaft und Bodenschutz abzudecken.","Die Autoren wählten Poro-34B für das AgriHubi-System, weil allgemeine Modelle wie GPT-4o bei domänenspezifischen und finnischsprachigen Anfragen erhebliche Schwächen zeigten, während Poro-34B speziell für die finnische Sprache optimiert ist. Das finnisch-optimierte Modell lieferte kontextuell relevanteren Antworten für die Verarbeitung von 200+ finnischsprachigen landwirtschaftlichen PDFs und bot bessere Kompatibilität mit Embedding-Modellen wie text-embedding-ada-002. Diese Auswahl ermöglichte es, landwirtschaftliches Wissen durch eine Streamlit-Chat-Schnittstelle mit SQLite-Logging und Feedback-Mechanismus für kontinuierliche Verbesserung zugänglicher zu machen, was die Bedeutung domänenspezifischer Sprachmodelle für mehrsprachige RAG-Anwendungen unterstreicht.",0.546875,0.4375,0.4861111111111111,0.2857142857142857,0.22784810126582278,0.2535211267605634,2,1,2,1,1,7,True
P1_Q5,"Welche zwölf Lessons Learned wurden dokumentiert und wie verteilen sich diese auf technische, operative und ethische Kategorien?","Die zwölf dokumentierten Lessons Learned verteilen sich auf technische, operative und ethische Kategorien. Hier sind die Lessons Learned, wie sie im Kontext beschrieben wurden:

**Technische Herausforderungen:**
1. **Scraping Pipelines Are Fragile:** Webseiten ändern sich oft, was Parser bricht. Ohne stabile APIs mussten semi-strukturierte Feeds und regelmäßige Skriptwartung genutzt werden.
2. **Self-Hosted Setup for Speed and Compliance:** Eigene Server wurden genutzt, um LLMs und Vektorspeicher zu hosten, um GDPR-Risiken zu reduzieren und die Geschwindigkeit zu verbessern.
3. **Clean Data Boosts Retrieval Quality:** Entfernen von OCR-Rauschen und Duplikaten aus Quelldaten verbesserte die Relevanz der Antworten.

**Operative Herausforderungen:**
4. **User Feedback Drives System Tuning:** Benutzerbewertungen und Kommentare deckten Schwachstellen auf und leiteten Anpassungen der Abruf-Einstellungen und Chunk-Größen.

**Ethische Überlegungen:**
5. **Source File References Build Trust:** Bereitstellung von Dateinamen und Download-Links half Benutzern, die KI-Ausgaben zu validieren.

Diese Lessons Learned spiegeln die wiederkehrenden Herausforderungen und Designüberlegungen wider, die bei der Entwicklung von RAG-Systemen in verschiedenen Domänen auftraten.","Die zwölf dokumentierten Lessons Learned verteilen sich auf drei Kategorien: Technical Development (5 Lessons) umfasst die Notwendigkeit domänenspezifischer Modelle, OCR-Fehlerauswirkungen auf Pipelines, Chunking-Balance zwischen Geschwindigkeit und Genauigkeit, FAISS-Skalierungsgrenzen und manuelles Environment-Management ohne Containerization. Operational Factors (5 Lessons) beinhalten SQLite für User-Interaction-Tracking, fragile Scraping-Pipelines, Self-Hosted-Setup für Geschwindigkeit und Compliance, saubere Daten für bessere Retrieval-Qualität und nutzerfeedback-gesteuerte Systemoptimierung. Ethical Considerations (2 Lessons) betreffen Quelldatei-Referenzen für Vertrauensaufbau und Dataset-Bias-Auswirkungen auf Retrieval-Balance, wobei die technischen Aspekte den größten Anteil ausmachen und die Komplexität der praktischen RAG-Implementierung in realen Anwendungen widerspiegeln.",0.13725490196078433,0.2441860465116279,0.17573221757322174,0.05263157894736842,0.09411764705882353,0.06751054852320675,1,1,2,1,1,6,False
P1_META_Q1,Wer sind die Autoren des Papers 'Engineering RAG Systems for Real-World Applications'?,"Die Autoren des Papers ""Engineering RAG Systems for Real-World Applications"" sind Md Toufique Hasan, Muhammad Waseem, Kai-Kristian Kemell, Ayman Asad Khan, Mika Saari und Pekka Abrahamsson. Alle Autoren sind von der Fakultät für Informationstechnologie und Kommunikation der Universität Tampere in Finnland.",Md Toufique Hasan and Muhammad Waseem and Kai-Kristian Kemell and Ayman Asad Khan and Mika Saari and Pekka Abrahamsson,0.21951219512195122,0.47368421052631576,0.3,0.075,0.16666666666666666,0.10344827586206896,2,2,2,1,1,8,True
P1_META_Q2,Welche Forschungsmethodik wurde im Paper 'Engineering RAG Systems for Real-World Applications' hauptsächlich angewandt?,"Die im Paper ""Engineering RAG Systems for Real-World Applications"" hauptsächlich angewandte Forschungsmethodik umfasst die Implementierung und Bewertung von fünf RAG-Systemen in verschiedenen Anwendungsbereichen. Die Methodik beinhaltet die Entwicklung optimierter Pipelines und eine strukturierte Benutzerbewertung, um die Effektivität und Benutzerakzeptanz der Systeme zu untersuchen. Die Evaluation wurde durch eine webbasierte Benutzerstudie mit 100 Teilnehmern durchgeführt, die sich auf Benutzerfreundlichkeit, Relevanz der Abfrageergebnisse, Transparenz und andere benutzerzentrierte Faktoren konzentrierte.","Die Studie verwendete eine empirische Mixed-Methods-Forschungsmethodik, die sich aus der End-to-End-Entwicklung und -Implementierung von fünf domainspezifischen RAG-Systemen sowie einer strukturierten Benutzer-Evaluation zusammensetzte. In Zusammenarbeit mit fünf realen Organisationen wurden RAG-Systeme für die Bereiche Governance, Cybersecurity, Landwirtschaft, Industrieforschung und Medizinische Diagnostik entwickelt, wobei jedes System an spezifische operative Herausforderungen angepasst wurde und mehrsprachige OCR-Pipelines, semantische Retrieval-Mechanismen über Vektor-Embeddings sowie domainadaptierte LLMs integrierte. Die Evaluation erfolgte durch eine web-basierte Benutzerstudie mit 100 Teilnehmern, die mit Live-Demo-Umgebungen interagierten und realistische, domainspezifische Aufgaben durchführten, wobei sowohl quantitative Daten über Likert-Skala-Bewertungen (1-5) als auch qualitative Erkenntnisse durch offene Feedback-Fragen zu sechs Evaluationskriterien (Benutzerfreundlichkeit, Informationsrelevanz, Transparenz, Systemreaktionsfähigkeit, Antwortgenauigkeit und Weiterempfehlungswahrscheinlichkeit) erhoben wurden. Diese praxisorientierte Methodik ermöglichte es, über technische Benchmarks hinauszugehen und sowohl die technische Leistung als auch die Benutzererfahrung in realen Anwendungsszenarien zu bewerten, wodurch praktische Erkenntnisse für zukünftige RAG-Implementierungen gewonnen werden konnten.",0.3880597014925373,0.18840579710144928,0.25365853658536586,0.09090909090909091,0.043795620437956206,0.05911330049261084,2,1,2,1,1,7,True
P2_Q1,Wie ist ein Datenpunkt im MAGPIE-Benchmark formal definiert (als Tupel) und welche Rolle spielen die Penalties und Utilities im Kontext der Multi-Agenten-Interaktion?,"Ein Datenpunkt im MAGPIE-Benchmark ist formal als ein Tupel definiert: ⟨N, T, D, C, I, P, ρ, U⟩. Hierbei steht:

- **N** für eine endliche Menge von Agenten.
- **T** für eine offene Aufgabe, wie z.B. Ressourcenverteilung oder Zulassungsentscheidungen, deren Erfolg algorithmisch überprüfbar ist.
- **D** für ein Ergebnis, das die Erfüllung der Aufgabe markiert.
- **I** für öffentliche Informationen, die jeder Agent frei offenlegen kann.
- **P** für private Informationen, die sensible Daten enthalten, die ein Agent nicht vollständig offenlegen darf.
- **C** für eine Menge von Einschränkungen, die aus den öffentlichen und privaten Informationen abgeleitet werden und die das Ergebnis erfüllen muss, damit die Aufgabe erfolgreich ist.
- **ρ** für Strafen, die für das Leaken privater Daten verhängt werden, wenn diese aus den Interaktionen abgeleitet werden können.
- **U** für Belohnungen, die ein Agent erhält, wenn ein Unterziel erreicht wird.

Im Kontext der Multi-Agenten-Interaktion spielen die Penalties (Strafen) und Utilities (Belohnungen) eine entscheidende Rolle. Die Strafen werden verhängt, wenn private Daten aus den Interaktionen abgeleitet werden können, was die Einhaltung von Datenschutzrichtlinien in dynamischen, mehrstufigen Interaktionen sicherstellen soll. Die Belohnungen hingegen werden vergeben, wenn ein Unterziel erreicht wird, was den Agenten Anreize bietet, ihre Aufgaben erfolgreich zu erfüllen. Diese Struktur ermöglicht es den Agenten, adaptive Strategien zu entwickeln, um ihre Ziele zu erreichen, während sie gleichzeitig die Privatsphäre wahren.","Ein Datenpunkt im MAGPIE-Benchmark ist formal als Tupel ⟨N, T, D, C, I, P, p, U⟩ definiert, wobei N eine endliche Menge von Agenten {a1, a2, ..., ak} darstellt, T eine offene Aufgabe wie Ressourcenzuteilung beschreibt, D ein Deliverable zur Aufgabenabschluss markiert, C Constraints aus öffentlichen und privaten Informationen ableitet, I öffentliche Informationen bezeichnet, P private/sensible Daten umfasst, p Penalties für Datenleckagen definiert und U Belohnungen für Teilaufgaben festlegt. Die Penalties und Utilities spielen eine zentrale Rolle in Multi-Agenten-Interaktionen, da sie realistische Trade-offs zwischen Aufgabenerfüllung und Datenschutz schaffen - Agenten müssen strategisch entscheiden, ob sie niedrig-penalisierte Informationen (pij = 1) teilen, um hoch-belohnte Ziele (uik = 5) zu erreichen, während sie sensible Daten (pil = 4) schützen.",0.23076923076923078,0.4358974358974359,0.30177514792899407,0.10454545454545454,0.19827586206896552,0.1369047619047619,2,2,2,2,2,10,True
P2_Q2,Welche spezifischen Leakage-Raten zeigten GPT-4o und Claude-3.7-Sonnet im Explicit Instruction Setting verglichen mit dem Implicit Instruction Setting?,"Im Explicit Instruction Setting zeigte GPT-4o eine Leakage-Rate von 5,7%, während Claude-3.7-Sonnet eine Leakage-Rate von 21,6% aufwies. Im Vergleich dazu stiegen die Leakage-Raten im Implicit Instruction Setting auf 54,3% für GPT-4o und 66,2% für Claude-3.7-Sonnet.","Im Explicit Instruction Setting, wo Agenten explizit über Penalties informiert wurden (Leaking private information x incurs penalty y), zeigte GPT-4o eine deutlich niedrigere Leakage-Rate von 5.7%, während Claude-3.7-Sonnet mit 21.6% deutlich schlechter abschnitt. Im Implicit Instruction Setting, das realistischere Bedingungen mit generischen Warnungen simuliert (Some information is private; avoid sharing it), verschlechterten sich beide Modelle dramatisch: GPT-4o erreichte eine Leakage-Rate von 54.3% und Claude-3.7-Sonnet sogar 66.2%. Diese Ergebnisse demonstrieren, dass selbst state-of-the-art Modelle wie GPT-4o und Claude-3.7-Sonnet zwar gute Instruktionsbefolgung zeigen, aber ein mangelndes Verständnis für kontextuelle Privatsphäre aufweisen, wenn explizite Anweisungen fehlen.",0.5428571428571428,0.20430107526881722,0.296875,0.29411764705882354,0.10869565217391304,0.15873015873015875,2,1,2,1,1,7,True
P2_Q3,Wie wurde der Datengenerierungsprozess mittels LLM-Pipeline durchgeführt und welche Verifikationsschritte wurden implementiert?,"Der Datengenerierungsprozess mittels der LLM-Pipeline wurde in mehreren Stufen durchgeführt, um Realismus und Kohärenz sicherzustellen. Die Pipeline besteht aus den folgenden Hauptphasen:

1. **Szenariengenerierung**: 
   - **Initialisierung**: Der Prozess beginnt mit einem manuell kuratierten Seed, der das Zielgebiet und Beispiele aus verschiedenen Bereichen wie Auktionen, Verhandlungen und Terminplanung enthält.
   - **LLM-basierter Szenarienvorschlag**: Ein LLM wird aufgefordert, einzeilige Szenarienvorschläge im Zielgebiet zu generieren.
   - **Verifikation**: Ein Verifikations-LLM bewertet, ob das Szenario realistisch, von hoher Bedeutung und innerhalb der Zielgebiete ist.

2. **Szenarienerweiterung und Agentenentwurf**:
   - Der Generator erweitert das Szenario zu einer detaillierten Aufgabenbeschreibung und generiert die Anzahl und Namen der beteiligten Agenten basierend auf manuell entworfenen Richtlinien.
   - Der Verifikator bestätigt, ob die erweiterte Aufgabe mit dem zuvor generierten Szenario übereinstimmt und ob die Agentennamen zur Aufgabenbeschreibung passen.

3. **Agentendefinition**:
   - Basierend auf der Aufgabenbeschreibung und den Agentennamen generiert der Generator für jeden Agenten Profile, die öffentliche und private Informationen, Strafen und Nutzenfunktionen enthalten.
   - Diese Profile werden iterativ verfeinert, um Kohärenz sicherzustellen.

Zur Verifikation wurden in jedem Schritt LLMs als Richter eingesetzt, um Fehler zu minimieren. Claude 3.7 Sonnet Anthropic (2024) wurde sowohl für die Generierung als auch für die Verifikation verwendet.","Der Datengenerierungsprozess wurde durch eine mehrstufige LLM-Pipeline durchgeführt, die Claude-3.7-Sonnet sowohl als Generator als auch als Verifizierer nutzte. Der Prozess begann mit manuell kuratierten Seeds für verschiedene Domänen, gefolgt von automatischer Szenario-Generierung durch das LLM, das realistische High-Stakes-Szenarien vorschlug. Jede Stufe beinhaltete strenge Verifikationsschritte: Ein Verifizierer-LLM bewertete die Realitätsnähe und den Einsatz der Szenarien, überprüfte die Aufgaben-Agent-Ausrichtung, validierte die Kohärenz von Agentenprofilen und stellte sicher, dass private Informationen natürlich motiviert waren. Zusätzlich wurden durch einen finalen Verifikationsschritt Deliverables und Constraints gegen die Aufgabenziele geprüft, um konfliktfreie und lösbare Aufgaben zu gewährleisten.",0.1875,0.3956043956043956,0.2544169611307421,0.02617801047120419,0.05555555555555555,0.03558718861209965,2,1,2,1,1,7,True
P2_Q4,"Was ist der Zusammenhang zwischen der Leakage-Rate und der Task-Success-Rate, wie in Abbildung 7 dargestellt?","Der Zusammenhang zwischen der Leakage-Rate und der Task-Success-Rate, wie in Abbildung 7 dargestellt, zeigt eine starke negative Korrelation. Das bedeutet, dass eine geringere Leakage-Rate mit einer niedrigeren Erfolgsrate bei den Aufgaben verbunden ist. Konkret erreichen Aufgaben mit einer Leakage-Rate von ≤10% nur eine Konsensrate von 10,8% und eine Erfolgsrate von 6,3%. Diese Raten steigen bis zu einem Plateau bei etwa 67% Leakage. Im Durchschnitt liegt die Konsensrate über alle Modelle hinweg bei 51% und die Erfolgsrate bei 29,7%. Dies deutet darauf hin, dass die aktuellen Modelle nicht darauf ausgerichtet sind, den Kontext der Privatsphäre zu wahren, was sich negativ auf die Erfolgsrate der Aufgaben auswirkt.","Abbildung 7 zeigt eine starke negative Korrelation zwischen der Leakage-Rate und sowohl der Konsens- als auch der Erfolgswahrscheinlichkeit. Aufgaben mit ≤10% Leakage erreichten nur 10.8% Konsens und 6.3% Erfolg, während die Raten bei etwa 67% Leakage plateauieren. Diese Beziehung verdeutlicht ein fundamentales Dilemma in Multi-Agenten-Systemen: Während strikte Datenschutzwahrung die Aufgabenerfüllung behindert, führt uneingeschränktes Informationsteilen zu höheren Erfolgsraten, aber auch zu Datenschutzverletzungen. Die Gesamtkonsens- und Erfolgsrate über alle Modelle betrug nur 51% bzw. 29.7%, was zeigt, dass aktuelle Modelle weder auf kontextuelle Datenschutzwahrung noch auf effektive Multi-Agenten-Kollaboration ausgerichtet sind.",0.3619047619047619,0.4318181818181818,0.3937823834196891,0.11538461538461539,0.13793103448275862,0.12565445026178013,2,2,2,2,2,10,True
P2_Q5,Welche fünf Hauptdomänen deckt der MAGPIE-Datensatz ab und welche Art von High-Stakes-Szenarien wurden für jede Domäne entwickelt?,"Der MAGPIE-Datensatz deckt fünf Hauptdomänen ab: Legal, Scheduling, Healthcare, Tech & Infrastructure und Research. Für jede dieser Domänen wurden High-Stakes-Szenarien entwickelt, die realistische Kollaborationsdynamiken widerspiegeln. Die Szenarien sind so gestaltet, dass die vollständige Ausschließung privater Daten die Aufgabenbewältigung behindert, während uneingeschränkte Informationsweitergabe zu erheblichen Verlusten führen könnte.","Der MAGPIE-Datensatz umfasst 158 Aufgaben über 16 verschiedene High-Impact-Domänen, wobei die Hauptkategorien Legal, Scheduling, Healthcare, Tech & Infrastructure und Research umfassen. Spezifische High-Stakes-Szenarien beinhalten strategische GPU-Ressourcenzuteilung zwischen Forschungsteams mit privaten Projektdetails und Latenzanforderungen, Universitätszulassungen mit vertraulichen Budgetbeschränkungen und Bewerberdaten, Gehaltsverhandlungen mit sensiblen Informationen über andere Mitarbeitergehälter, Büro-Miteigentümerschaftsvereinbarungen mit privaten finanziellen Präferenzen und Crowdsourced Innovation in der Pharmaentwicklung mit teilweise geheimen Forschungsdurchbrüchen. Diese Szenarien wurden bewusst so gestaltet, dass vollständiger Ausschluss privater Daten die Aufgabenerfüllung behindert, während uneingeschränktes Teilen zu erheblichen realen Verlusten führen könnte.",0.5531914893617021,0.30952380952380953,0.3969465648854962,0.32608695652173914,0.18072289156626506,0.2325581395348837,2,1,2,1,1,7,True
P2_META_Q1,Wer sind die Autoren des Papers 'MAGPIE: A dataset for Multi-AGent contextual PrIvacy Evaluation'?,"Die Autoren des Papers ""MAGPIE: A dataset for Multi-AGent contextual PrIvacy Evaluation"" sind Gurusha Juneja, Alon Albalak, Wenyue Hua und William Yang Wang.",Gurusha Juneja and Alon Albalak and Wenyue Hua and William Yang Wang,0.2608695652173913,0.5,0.3428571428571428,0.09090909090909091,0.18181818181818182,0.12121212121212123,2,2,2,2,2,10,True
P2_META_Q2,Welche Forschungsmethodik wurde im Paper 'MAGPIE: A dataset for Multi-AGent contextual PrIvacy Evaluation' hauptsächlich angewandt?,"Die Forschungsmethodik, die im Paper ""MAGPIE: A dataset for Multi-AGent contextual PrIvacy Evaluation"" hauptsächlich angewandt wurde, umfasst die Entwicklung und Evaluierung eines Benchmarks namens MAGPIE. Dieser Benchmark wurde speziell entwickelt, um die Fähigkeit von LLM-basierten Agenten zur Wahrung der Privatsphäre in multi-agenten-kollaborativen Kontexten zu bewerten. Die Methodik beinhaltet Experimente mit vier modernen Sprachmodellen, um deren Verständnis von kontextueller Privatsphäre und deren Fähigkeit zur Einhaltung von Datenschutzanweisungen zu testen. Die Experimente wurden sowohl in Single-Turn- als auch in Multi-Turn-Interaktionsszenarien durchgeführt, um die Modelle auf ihre Fähigkeit zu prüfen, private Informationen korrekt zu klassifizieren und zu schützen.","Die Forschungsmethodik im MAGPIE-Paper basiert hauptsächlich auf einer empirischen Benchmark-Entwicklung mit systematischer LLM-Evaluation. Die Autoren entwickelten zunächst einen neuen Benchmark durch eine mehrstufige LLM-getriebene Pipeline, die Claude-3.7-Sonnet als Generator und Verifizierer nutzt, um 158 realistische High-Stakes-Szenarien über 16 Domänen zu erstellen. Anschließend führten sie umfassende empirische Experimente mit vier state-of-the-art LLMs (GPT-4o, Claude-3.7-Sonnet, Llama-3-70B, Mistral-Large-123B) in verschiedenen Settings durch: single-turn Klassifikationsaufgaben zur Bewertung des inhärenten Privatsphäre-Verständnisses, multi-turn Kollaborationsszenarien in passiven und aktiven Modi, sowie explizite und implizite Instruktions-Settings. Die Methodik wurde durch menschliche Annotation und Verifikation mit fünf Annotatoren validiert, die 25 zufällig ausgewählte Aufgaben anhand von sechs strukturierten Kriterien bewerteten, und die Ergebnisse wurden durch quantitative Metriken wie Leakage-Raten, Konsens-Wahrscheinlichkeiten und Task-Success-Raten sowie LLM-as-a-Judge Evaluierung systematisch analysiert.",0.28421052631578947,0.2288135593220339,0.2535211267605634,0.031914893617021274,0.02564102564102564,0.02843601895734597,2,1,2,1,1,7,True
P3_Q1,Welche drei Hauptparameter (state vector v) verwendet das AHS-System zur Entscheidungsfindung und welche konkreten Schwellenwerte wurden durch Bayesian Optimization ermittelt?,"Das AHS-System verwendet zur Entscheidungsfindung drei Hauptparameter im Zustandsvektor \( v \): die Eingabegröße \( n \), den Wertebereich \( k \) und die Information Entropie \( H \). Die durch Bayesian Optimization ermittelten konkreten Schwellenwerte sind:

- \( n_{\text{threshold}} = 20 \)
- \( k_{\text{threshold}} = 1,024 \)
- \( k_{\text{max}} = 106 \)

Diese Schwellenwerte wurden durch eine Kombination aus Grid Search und 100 Iterationen der Bayesian Optimization unter Verwendung eines Gaussian Process Surrogatmodells ermittelt.","Das AHS-System verwendet einen dreidimensionalen Zustandsvektor v = (n, k, H) zur dynamischen Entscheidungsfindung. Dabei repräsentiert n die Eingabegröße (Kardinalität des Arrays), k den Wertebereich (max(arr) - min(arr) + 1), und H die Informationsentropie (−∑ᵢ₌₁ᵏ pᵢ log₂ pᵢ). Durch multi-objektive Bayesian Optimization wurden die optimalen Schwellenwerte ermittelt: nthreshold = 20 (gegenüber theoretischen 16), kthreshold = 1.024 (gegenüber theoretischen 1.000), und kmax = 10⁶ (gegenüber theoretischen 2²⁰). Die Kalibrierung erfolgte durch Minimierung einer gewichteten Summe aus normalisierter Ausführungszeit und Speicherverbrauch mit α = 0.7 als Zeit-Speicher-Tradeoff-Parameter.",0.36363636363636365,0.32941176470588235,0.345679012345679,0.07894736842105263,0.07142857142857142,0.075,1,1,2,1,1,6,False
P3_Q2,Wie wurde der XGBoost-Klassifikator trainiert und welche Accuracy erreichte er bei der Vorhersage der optimalen Sortierstrategie?,"Der XGBoost-Klassifikator wurde trainiert, um die optimale Sortierstrategie vorherzusagen, indem er ein vortrainiertes Modell aus der Datei ""ahs_model.json"" lädt. Der Klassifikator erreicht eine Vorhersagegenauigkeit von 92,4% bei der Bestimmung der optimalen Sortierstrategie.","Der XGBoost-Klassifikator wurde auf 10.000 synthetischen Datensätzen trainiert, die verschiedene Kombinationen von Eingabeparametern abdeckten: n ∈ [10³, 10⁹], k ∈ [10, 10⁶], und H ∈ [0, log₂ k]. Das Modell erreichte eine Vorhersagegenauigkeit von 92.4% bei der Auswahl der optimalen Sortierstrategie, ergänzt durch einen F1-Score von 0.89, was robuste Performance auch bei unausgewogenen Strategieverteilungen demonstriert. Die Entscheidungslatenz beträgt nur 0.2ms pro Entscheidung, während das durch 8-Bit-Quantisierung optimierte Modell lediglich 1MB Speicher benötigt, was es für ressourcenbeschränkte Edge-Computing-Umgebungen geeignet macht.",0.40625,0.16455696202531644,0.23423423423423423,0.1935483870967742,0.07692307692307693,0.11009174311926606,1,1,2,1,1,6,False
P3_Q3,"Unter welchen spezifischen Bedingungen wählt das System Counting Sort, Radix Sort oder QuickSort, basierend auf den Werten von k und H?","Das System wählt die Sortieralgorithmen Counting Sort, Radix Sort oder QuickSort basierend auf den Werten von \( k \) und \( H \) unter den folgenden spezifischen Bedingungen:

1. **Counting Sort** wird gewählt, wenn \( k \leq 1000 \). Dies nutzt die lineare Zeitkomplexität von Counting Sort bei begrenztem Wertebereich aus.

2. **Radix Sort** wird verwendet, wenn \( k > 10^6 \) und die Entropie \( H < 0.7 \cdot \log_2(k) \) ist. Diese Bedingung berücksichtigt die überlegenen Speichereigenschaften von Radix Sort bei großen Wertebereichen und niedriger Entropie.

3. **QuickSort** wird in allen anderen Fällen ausgewählt. Es bietet eine zuverlässige durchschnittliche Leistung von \( O(n \log n) \) und ist vielseitig einsetzbar, insbesondere bei allgemeinen Eingaben, die nicht die spezifischen Bedingungen für Counting Sort oder Radix Sort erfüllen.","Das System implementiert eine hierarchische Entscheidungslogik basierend auf den Werten von k und H: Counting Sort wird gewählt, wenn k ≤ 1000 (kleine Schlüsselbereiche) für optimale lineare Zeitkomplexität; Radix Sort kommt zum Einsatz, wenn k > 10⁶ UND H < 0.7·log₂(k) (große Bereiche mit strukturierten, niedrig-entropischen Daten) für überlegene Speichercharakteristika; QuickSort dient als Fallback-Strategie für alle anderen allgemeinen Fälle und gewährleistet robuste O(n log n) Performance. Zusätzlich wird Insertion Sort automatisch für sehr kleine Datensätze (n ≤ 20) ausgewählt, um dessen exceptional Cache-Effizienz in diesem Bereich zu nutzen.",0.2734375,0.3977272727272727,0.32407407407407407,0.08661417322834646,0.12643678160919541,0.102803738317757,2,1,2,1,1,7,True
P3_Q4,Welche Performance-Verbesserungen (in Prozent) wurden im Vergleich zu statischen Sortieralgorithmen auf verschiedenen Datensätzen erzielt?,Die Adaptive Hybrid Sort (AHS) erzielte im Vergleich zu rein statischen Ansätzen eine 12-prozentige Verbesserung der Cache-Nutzung.,"Die experimentellen Ergebnisse zeigen signifikante Performance-Steigerungen: AHS erreichte 30-40% Reduktion der Ausführungszeit gegenüber konventionellen statischen Sortieralgorithmen across diverse Datensätze. Bei großskaligen Benchmarks mit n = 10⁹ Elementen benötigte AHS nur 210 Sekunden gegenüber 380 Sekunden für Timsort, was einer 45% Verbesserung entspricht. Für mittlere Datensätze (n = 10⁷) wurde ein 1.8× Speedup (2.1s vs 3.8s) erreicht, während die Speichernutzung konstant bei 8GB blieb gegenüber 12GB für Counting Sort, was die Eignung für moderne Big-Data-Anwendungen demonstriert.",0.23529411764705882,0.05333333333333334,0.08695652173913045,0.0,0.0,0.0,1,0,1,0,0,2,False
P3_Q5,"Wie wurde die Hardware-aware Optimierung implementiert, insbesondere die dynamische Anpassung von k_max basierend auf L3-Cache und Thread Count?","Die hardware-bewusste Optimierung wurde durch die dynamische Anpassung von \( k_{\text{max}} \) implementiert, basierend auf den Systemressourcen. Die Formel zur Berechnung von \( k_{\text{max}} \) lautet:

\[ k_{\text{max}} = \frac{\text{L3 Cache}}{4 \times \text{Thread Count}} \]

Diese Implementierung ermöglicht Thread-Parallelität und eine speichereffiziente Nutzung der Caches. Die finalen Schwellenwerte sind sehr nah an den theoretischen Vorhersagen und berücksichtigen reale Hardwarebeschränkungen, was zu einer 12-prozentigen Steigerung der Cache-Nutzung im Vergleich zu rein statischen Ansätzen führt.","Die Hardware-aware Optimierung implementiert eine dynamische Anpassung von kmax basierend auf Systemressourcen gemäß der Formel kmax = (L3 Cache)/(4 × Thread Count). Diese Implementierung gewährleistet Thread-Parallelismus bei gleichzeitig speichereffizienter Cache-Nutzung und resultierte in einer 12% Erhöhung der Cache-Auslastung verglichen mit statischen Ansätzen. Das System aktiviert konditionale Parallelisierung nur wenn vorteilhaft: Radix Sort zeigt besonders effektive Skalierung mit 1.79× Speedup für Datensätze > 10⁶ Elemente trotz 12% Thread-Management-Overhead, während Quicksort aufgrund signifikanter Synchronisationskosten (47% Overhead) limitierte Parallelisierbarkeit (1.12× Speedup) aufweist.",0.2465753424657534,0.22784810126582278,0.23684210526315788,0.05555555555555555,0.05128205128205128,0.05333333333333333,2,1,2,2,1,8,True
P3_META_Q1,Wer sind die Autoren des Papers 'Adaptive Hybrid Sort: Dynamic Strategy Selection for Optimal Sorting'?,"Der Autor des Papers ""Adaptive Hybrid Sort: Dynamic Strategy Selection for Optimal Sorting"" ist Shrinivass Arunachalam Balasubramanian.",Shrinivass Arunachalam Balasubramanian,0.11764705882352941,0.6666666666666666,0.2,0.0625,0.5,0.1111111111111111,2,2,2,1,1,8,True
P3_META_Q2,Welche Forschungsmethodik wurde im Paper 'Adaptive Hybrid Sort: Dynamic Strategy Selection for Optimal Sorting' hauptsächlich angewandt?,"Die im Paper ""Adaptive Hybrid Sort: Dynamic Strategy Selection for Optimal Sorting"" hauptsächlich angewandte Forschungsmethodik kombiniert statistische Merkmalsextraktion mit maschinellem Lernen. Der Ansatz beginnt mit einem Feature Extraction Module, das wichtige Parameter wie die Größe eines Arrays (n), den Bereich der Schlüssel (k) und die Entropie (H) der Verteilung berechnet. Diese Parameter werden dann in eine Entscheidungsmaschine eingespeist, die aus einer endlichen Zustandsmaschine (Finite State Machine) und einem XGBoost-Klassifikator besteht, um den optimalen Sortierpfad zu bestimmen.","Die Forschungsmethodik des Adaptive Hybrid Sort Papers basiert hauptsächlich auf einem experimentellen Algorithm-Engineering-Ansatz, der empirische Evaluation mit theoretischer Fundierung kombiniert. Das Vorgehen umfasst: (1) Systematic Algorithm Design durch Entwicklung einer adaptiven Hybrid-Architektur mit Feature-Extraktion und ML-basierter Entscheidungsfindung, (2) Comprehensive Benchmarking mit 15 sorgfältig konstruierten Datensätzen spanning drei Kategorien (synthetisch, real-world, edge cases) zur Stress-Testing aller Entscheidungspfade, (3) Machine Learning Integration durch Training eines XGBoost-Klassifikators auf 10.000 synthetischen Datensätzen mit 92.4% Accuracy, (4) Multi-objective Optimization mittels Bayesian Optimization zur Threshold-Kalibrierung mit gewichteter Zeit-Speicher-Tradeoff-Funktion, und (5) Comparative Performance Analysis gegen etablierte Baseline-Algorithmen (Timsort, Introsort, Radix Sort, Counting Sort) mit detailliertem Microbenchmarking unter kontrollierten Bedingungen. Die Methodologie wird durch formale Verifikation der Korrektheit via struktureller Induktion und theoretische Komplexitätsanalyse ergänzt, wobei die Evaluation auf einer Windows 11/WSL2-Umgebung mit TypeScript/Node.js-Implementation durchgeführt wurde.",0.18421052631578946,0.109375,0.1372549019607843,0.0,0.0,0.0,1,1,2,1,1,6,False
P4_Q1,Welche spezifischen CUPTI-Tabellen wurden analysiert und wie viele Entitäten enthielt jede Tabelle nach dem Left-Join?,"Die spezifischen CUPTI-Tabellen, die analysiert wurden, sind:

1. **CUPTI_ACTIVITY_KIND_KERNEL**: Diese Tabelle zeichnet Kernel-Starts, Zeitstempel, Geräte- und Stream-IDs sowie Ressourcennutzung auf.
2. **CUPTI_ACTIVITY_KIND_MEMCPY**: Diese Tabelle protokolliert Speicherübertragungen, Zeitstempel, Größen, Richtungen und Stream-IDs.
3. **TARGET_INFO_GPU**: Diese Tabelle berichtet über GPU-Eigenschaften wie Speichergröße, Bandbreite, SM-Anzahl und Rechenkapazität.

Nach dem Left-Join enthielt jede Tabelle ungefähr 93 Millionen Entitäten.","Laut Tabelle 1 wurden drei spezifische CUPTI-Tabellen analysiert: KERNEL (CUPTI_ACTIVITY_KIND_KERNEL) mit 842.054 Entitäten für alle Ranks, MEMCPY (CUPTI_ACTIVITY_KIND_MEMCPY) mit variierenden Entitäten pro Rank (107.045 für Rank 0, 107.099 für Rank 1, 1.070.545 für Rank 2, und 107.045 für Rank 3), sowie GPU (TARGET_INFO_GPU) mit 4 Entitäten für alle Ranks. Nach dem Left-Join-Prozess ergaben sich approximativ 93 Millionen Entitäten, die zur weiteren Analyse verwendet wurden.",0.14814814814814814,0.125,0.13559322033898305,0.03773584905660377,0.031746031746031744,0.034482758620689655,1,1,2,1,1,6,False
P4_Q2,Warum entschieden sich die Autoren für Block Partitioning statt Cyclic Partitioning bei der Verteilung der Shards auf MPI-Ranks?,"Die Autoren entschieden sich für Block Partitioning statt Cyclic Partitioning bei der Verteilung der Shards auf MPI-Ranks, weil das Dataset statisch ist und die Vorhersagbarkeit der Arbeitslast hoch ist. Block Partitioning weist jedem Rank zusammenhängende Shards zu, was die Abfrage-Overhead reduziert, die Datenlokalität verbessert und eine effiziente Ausführung von SQL-Abfragen ermöglicht.","Die Autoren entschieden sich für Block Partitioning über Cyclic Partitioning, da der Datensatz statisch ist und eine hohe Workload-Vorhersagbarkeit aufweist. Block Partitioning weist zusammenhängende Shards jedem Rank zu, was den Query-Overhead reduziert, die Datenlokalität verbessert und eine effiziente SQL-Query-Ausführung ermöglicht. Diese Methode ist besonders vorteilhaft für statische Datensätze, da sie die Kommunikationskosten zwischen den Ranks minimiert und die Cache-Effizienz maximiert.",0.6078431372549019,0.5166666666666667,0.5585585585585585,0.4,0.3389830508474576,0.3669724770642202,2,1,2,2,1,8,True
P4_Q3,Welche Methode wurde zur Identifikation der Top-5 anomalous shards verwendet und wie funktioniert diese?,"Die Methode zur Identifikation der Top-5 anomalous shards ist die Inter-quartile Range (IQR) Methode. Diese Methode funktioniert, indem sie statistische Metriken wie Minimum, Maximum und Standardabweichung berechnet, um Anomalien zu identifizieren. Die IQR-Methode hilft dabei, die Verteilung der Daten zu analysieren und Anomalien zu erkennen, indem sie den Bereich zwischen dem ersten und dritten Quartil betrachtet. Anomalien sind typischerweise Datenpunkte, die außerhalb dieses Bereichs liegen.","Zur Identifikation der Top-5 anomalous Shards verwendeten die Autoren die Inter-Quartile Range (IQR) Methode. Diese statistische Methode berechnet zunächst gemeinsame Statistiken (Minimum, Maximum, Standardabweichung) kollaborativ über alle P Ranks in einem Round-Robin-Verfahren. Anschließend werden diese gemeinsamen Statistiken verwendet, um Anomalien zu identifizieren, wobei die IQR-Methode Ausreißer basierend auf der Verteilung der Daten innerhalb der Quartile bestimmt und die fünf auffälligsten Shards zur detaillierten Analyse auswählt.",0.3384615384615385,0.3384615384615385,0.3384615384615385,0.15625,0.15625,0.15625,2,1,2,1,1,7,True
P4_Q4,Was zeigt die Analyse der Memory Stall Duration für Rank 2 bezüglich der Device-to-Host und Host-to-Device Transfers?,"Die Analyse der Memory Stall Duration für Rank 2 zeigt, dass die Transfers von Device-to-Host und Host-to-Device dominieren. Dies deutet auf häufige Ping-Pong-Muster hin, die durch ineffizientes Batching verursacht werden. Im Gegensatz dazu sind die Device-to-Device Transfers spärlich, was auf seltene intra-GPU-Operationen hinweist und Möglichkeiten zur Optimierung durch die Wiederverwendung von Shared Memory oder Tiling aufzeigt.","Die Analyse der Memory Stall Duration für Rank 2 ergab, dass Device-to-Host und Host-to-Device Transfers dominieren, was auf häufige Ping-Pong-Muster hindeutet, die durch ineffiziente Batch-Verarbeitung verursacht werden. Im Gegensatz dazu zeigen spärliche Device-to-Device Transfers seltene Intra-GPU-Operationen an, was Optimierungsmöglichkeiten durch Shared Memory Reuse oder Tiling-Strategien aufzeigt. Diese Erkenntnisse deuten darauf hin, dass die Datenübertragungseffizienz zwischen Host und Device ein kritischer Engpass für die Performance darstellt.",0.6607142857142857,0.5692307692307692,0.6115702479338843,0.38181818181818183,0.328125,0.35294117647058826,2,1,2,1,1,7,True
P4_Q5,Wie skaliert die Performance des Frameworks mit zunehmender Anzahl von MPI-Ranks für Data Generation und Data Aggregation?,"Die Performance des Frameworks skaliert mit zunehmender Anzahl von MPI-Ranks sowohl für die Daten-Generierung als auch für die Daten-Aggregation. Die Zeiten für beide Phasen nehmen ab, wenn die Anzahl der MPI-Ranks erhöht wird. Dies zeigt, dass die Pipeline skalierbar ist und in der Lage ist, große Datenmengen zu verarbeiten.","Das Framework zeigt eine positive Skalierung mit zunehmender Anzahl von MPI-Ranks, wobei sowohl die Data Generation als auch die Data Aggregation Phase eine Verringerung der Ausführungszeit bei steigender Rank-Anzahl aufweisen. Figure 1(c) demonstriert, dass sich die Zeiten für beide Phasen mit mehr MPI-Ranks reduzieren, was beweist, dass die Pipeline skalierbar ist und große Datenmengen effizient verarbeiten kann. Diese Skalierbarkeit wird durch die verteilte Architektur ermöglicht, die die Arbeitslast gleichmäßig auf alle verfügbaren Ranks verteilt und Bottlenecks vermeidet.",0.4897959183673469,0.3116883116883117,0.38095238095238093,0.2708333333333333,0.17105263157894737,0.2096774193548387,2,1,2,1,1,7,True
P4_META_Q1,Wer sind die Autoren des Papers 'Scalable GPU Performance Variability Analysis framework'?,"Die Autoren des Papers ""Scalable GPU Performance Variability Analysis framework"" sind Amal Gueroudji, Line Pouchard und Tanzima Z. Islam.",Ankur Lahiry and Ayush Pokharel and Seth Ockerman and Amal Gueroudji and Line Pouchard and Tanzima Z. Islam,0.2631578947368421,0.2777777777777778,0.27027027027027023,0.1111111111111111,0.11764705882352941,0.11428571428571428,1,1,2,1,1,6,False
P4_META_Q2,Welche Forschungsmethodik wurde im Paper 'Scalable GPU Performance Variability Analysis framework' hauptsächlich angewandt?,"Die im Paper ""Scalable GPU Performance Variability Analysis framework"" hauptsächlich angewandte Forschungsmethodik ist ein verteiltes Datenanalyse-Framework. Dieses Framework skaliert mit der Größe des Datensatzes und der Verfügbarkeit von Rechenressourcen, indem es den Datensatz in unabhängig analysierbare Teile (Shards) aufteilt und diese gleichzeitig über mehrere MPI-Ränge verarbeitet. Diese Methode reduziert den Speicherbedarf pro Knoten, vermeidet zentrale Engpässe und ermöglicht eine latenzarme Erkundung hochdimensionaler Trace-Daten.","Die Autoren entwickelten ein distributed data analysis framework als technische Lösung für das Problem der skalierbaren Analyse von GPU-Performance-Logs. Die Forschungsmethodik umfasste mehrere Komponenten: Zunächst wurde ein zweistufiges Pipeline-Design entworfen, bestehend aus einer Data Generation Phase zur Extraktion und Sharding von Execution Traces und einer Data Aggregation Phase zur Konsolidierung und Analyse der Daten. Das Framework wurde dann experimentell auf dem Texas Advanced Computing Center's Lonestar6 Supercomputer evaluiert, wobei reale HPC- und AI-Workload-Daten von Nsight Compute Traces verwendet wurden. Die empirische Evaluation erfolgte durch Performance-Messungen mit verschiedenen MPI-Konfigurationen, um die Skalierbarkeit des Systems zu demonstrieren. Zusätzlich wendeten die Autoren statistische Analysemethoden wie die Inter-Quartile Range (IQR) zur Anomalieerkennung an und führten eine detaillierte Analyse der Memory Stall Patterns durch. Die Methodik folgt dem typischen Systems Research Ansatz: Problemidentifikation (Skalierbarkeit von GPU-Performance-Analyse), Systemdesign (distributed framework), Implementierung, experimentelle Evaluation auf realer Hardware und empirische Analyse der Ergebnisse zur Validierung der Effektivität des vorgeschlagenen Ansatzes.",0.2222222222222222,0.09210526315789473,0.13023255813953488,0.0,0.0,0.0,2,1,2,1,1,7,True
P5_Q1,"Wie wird das Defence-in-Depth-Modell konkret strukturiert und welche spezifischen Überschneidungen bestehen zwischen den drei Hauptbereichen Risk Assessment, Development und Control?","Das Defence-in-Depth-Modell ist in drei Hauptbereiche strukturiert: Risikobewertung, Entwicklung und Kontrolle. Diese Bereiche sind eng miteinander verknüpft und überschneiden sich in mehreren Aspekten:

1. **Risikobewertung**: Der Hauptzweck der Risikobewertung besteht darin, die Schwere und Wahrscheinlichkeit potenzieller Schäden zu verstehen. Diese Bewertungen helfen, Risiken zu priorisieren und zu bestimmen, ob sie Schwellenwerte überschreiten, die spezifische Maßnahmen erfordern. Die Risikobewertung informiert über sicherere Entwicklungs- und Kontrollpraktiken, die zur Risikominderung erforderlich sind. Sie umfasst die Entwicklung von Methoden zur Messung der Auswirkungen von KI-Systemen, die Verbesserung der Messtechnik und die Unterstützung von Drittanbieter-Audits zur unabhängigen Validierung dieser Bewertungen.

2. **Entwicklung**: In diesem Bereich geht es darum, KI-Systeme zu entwerfen, die vertrauenswürdig, zuverlässig und sicher sind. Die Forschung konzentriert sich auf die Spezifikation des gewünschten Verhaltens, das Design eines Systems, das diese Spezifikation erfüllt, und die Verifizierung, dass das System den Anforderungen entspricht. Die Risikobewertung beeinflusst die Entwicklungspraktiken, indem sie sicherstellt, dass die Systeme so gestaltet sind, dass sie identifizierte Risiken minimieren.

3. **Kontrolle**: Kontrolle bezieht sich auf die Verwaltung des Verhaltens eines Systems, um ein gewünschtes Ergebnis zu erzielen, selbst bei Störungen oder Unsicherheiten. Die Risikobewertung spielt eine Rolle bei der Festlegung von Kontrollpraktiken, indem sie die Risiken identifiziert, die durch Kontrollmaßnahmen gemindert werden müssen.

Die spezifischen Überschneidungen zwischen diesen Bereichen bestehen darin, dass die Risikobewertung sowohl die Entwicklung als auch die Kontrolle beeinflusst, indem sie die Risiken identifiziert, die durch Design- und Kontrollmaßnahmen adressiert werden müssen. Risikobewertungen sind entscheidend für die Festlegung von Schwellenwerten, die bestimmen, wann und welche Maßnahmen ergriffen werden sollten, um die Sicherheit von KI-Systemen zu gewährleisten.","Das Defence-in-Depth-Modell strukturiert die AI Safety Forschung in drei Hauptbereiche: Risk Assessment (Bewertung der Schwere und Wahrscheinlichkeit potenzieller Schäden), Development (Entwicklung vertrauenswürdiger, zuverlässiger und sicherer Systeme) und Control (Überwachung und Intervention nach der Bereitstellung). Die spezifischen Überschneidungen werden in Figure 1 als Venn-Diagramm illustriert: Zwischen Assessment und Development liegt Specification, validation, assurance, zwischen Assessment und Control Real-time monitoring, zwischen Development und Control E.g. jailbreak refusal, und im Zentrum aller drei Bereiche befinden sich grundlegende Sicherheitstechniken. Diese Überschneidungen entstehen durch unterschiedliche Definitionen dessen, was als Teil des Systems versus als kontrollierende Feedback-Schleifen betrachtet wird.",0.12015503875968993,0.3333333333333333,0.17663817663817663,0.027237354085603113,0.07608695652173914,0.04011461318051576,1,1,2,1,1,6,False
P5_Q2,"Welche acht Personen bildeten das Expert Planning Committee und aus welchen Institutionen stammten sie, und wie gestaltete sich der mehrstufige Feedback-Prozess zur Konsensbildung?","Das Expert Planning Committee bestand aus acht Personen: Dawn Song (UC Berkeley), Lan Xue (Tsinghua University), Luke Ong (Nanyang Technological University), Max Tegmark (MIT), Stuart Russell (UC Berkeley), Tegan Maharaj (MILA), Ya-Qin Zhang (Tsinghua University) und Yoshua Bengio (MILA).

Der mehrstufige Feedback-Prozess zur Konsensbildung begann mit der Erstellung eines Entwurfs durch das Expert Planning Committee. Dieser Entwurf wurde an alle Konferenzteilnehmer verteilt, um umfassendes Feedback zu sammeln. Nach mehreren Runden von Aktualisierungen, die auf weiterem schriftlichen und persönlichen Feedback der Teilnehmer basierten, wurde das Dokument so gestaltet, dass es Punkte eines breiten Konsenses unter den verschiedenen Forschern zusammenfasst.","Das Expert Planning Committee bestand aus acht Personen: Dawn Song (UC Berkeley), Lan Xue (Tsinghua University), Luke Ong (Nanyang Technological University), Max Tegmark (MIT), Stuart Russell (UC Berkeley), Tegan Maharaj (MILA), Ya-Qin Zhang (Tsinghua University) und Yoshua Bengio (MILA). Der mehrstufige Feedback-Prozess gestaltete sich folgendermaßen: Zunächst erstellte das Committee einen Konsultationsentwurf, der an alle Konferenzteilnehmer verteilt wurde, um umfassendes Feedback einzuholen. Nach mehreren Runden von schriftlichen und persönlichen Rückmeldungen der Teilnehmer wurde das Dokument überarbeitet, um Punkte des breiten Konsenses unter den diversen Forschern zu synthetisieren.",0.7040816326530612,0.8023255813953488,0.7500000000000001,0.5773195876288659,0.6588235294117647,0.6153846153846153,2,2,2,2,2,10,True
P5_Q3,Was sind 'Areas of mutual interest' im Kontext der AI Safety Forschung und welche konkreten Beispiele werden für potentiell kooperative Forschungsbereiche genannt?,"Im Kontext der AI Safety Forschung beziehen sich 'Areas of mutual interest' auf Forschungsbereiche, in denen es im Eigeninteresse der Akteure liegt, Informationen und Forschungsergebnisse zu teilen oder zu kooperieren, selbst mit Wettbewerbern. Diese Bereiche bieten minimale Wettbewerbsvorteile, dienen jedoch einem gemeinsamen Interesse, ähnlich wie konkurrierende Flugzeughersteller bei der Flugsicherheit zusammenarbeiten.

Konkrete Beispiele für potentiell kooperative Forschungsbereiche umfassen:

1. **Audit-Techniken und Benchmarks**: Diese Techniken und Benchmarks sind entscheidend für die Risikobewertung von KI-Systemen, da sie helfen, schädliche Verhaltensweisen effektiv und effizient zu testen.

2. **Verifikationsmechanismen, Risikomanagementstandards und Risikobewertungen**: Diese Bereiche bieten Möglichkeiten für eine gegenseitig vorteilhafte Zusammenarbeit, da kein Unternehmen oder Land davon profitiert, wenn KI-Vorfälle auftreten oder böswillige Akteure unterstützt werden, da der daraus resultierende Schaden alle kollektiv betreffen würde.","Areas of mutual interest bezeichnen Forschungsbereiche, bei denen verschiedene Akteure (Unternehmen, Länder) trotz Konkurrenz gemeinsame Interessen haben und Anreize bestehen, Informationen und Forschungsergebnisse zu teilen. Das Paper gibt konkrete Beispiele: bestimmte Verifikationsmechanismen, Risikomanagement-Standards und Risikobewertungen, da diese minimalen Wettbewerbsvorteil bieten, aber einem gemeinsamen Interesse dienen. Ähnlich wie konkurrierende Flugzeughersteller (Boeing und Airbus) bei Flugsicherheitsinformationen und -standards kooperieren, könnten AI-Akteure bei der Zusammenarbeit profitieren, da niemand von AI-Zwischenfällen oder der Ermächtigung böswilliger Akteure profitiert.",0.2231404958677686,0.3698630136986301,0.27835051546391754,0.06666666666666667,0.1111111111111111,0.08333333333333334,2,2,2,2,2,10,True
P5_Q4,Welche spezifischen Definitionen werden für die Begriffe 'Artificial General Intelligence (AGI)' und 'Artificial Superintelligence (ASI)' im Glossar gegeben?,"Im Glossar des Berichts werden die Begriffe 'Artificial General Intelligence (AGI)' und 'Artificial Superintelligence (ASI)' wie folgt definiert:

- **Artificial General Intelligence (AGI)**: AI, die in der Lage ist, die meisten kognitiven Arbeiten ebenso gut wie Menschen zu erledigen. Dies impliziert, dass sie hochgradig autonom ist und die meisten wirtschaftlich wertvollen Fernarbeiten ebenso gut wie Menschen ausführen kann.

- **Artificial Superintelligence (ASI)**: AI, die in der Lage ist, jede kognitive Arbeit weit über dem menschlichen Niveau zu leisten.","Das Glossar definiert Artificial General Intelligence (AGI) als AI that can do most cognitive work as well as humans. This implies that it is highly autonomous and can do most economically valuable remote work as well as humans. Artificial Superintelligence (ASI) wird definiert als AI that can accomplish any cognitive work far beyond human level. Zusätzlich wird AGI in Figure 2 als Schnittmenge von drei Eigenschaften dargestellt: Autonomy (A), Generality (G) und Intelligence (I), wobei Systeme mit allen drei Eigenschaften am schwierigsten zu kontrollieren sind.",0.10256410256410256,0.09411764705882353,0.09815950920245398,0.012987012987012988,0.011904761904761904,0.012422360248447206,2,1,2,1,1,7,True
P5_Q5,Wie wird Ashby's Law of Requisite Variety im Kontext der AI-Kontrolle erklärt und welche Implikationen ergeben sich daraus für Human-centric Oversight?,"Ashby's Law of Requisite Variety wird im Kontext der AI-Kontrolle als ein Prinzip aus der Kybernetik erklärt, das besagt, dass ein Kontrollsystem mindestens so komplex sein muss wie das System, das es kontrollieren soll, um Sicherheitsgarantien zu ermöglichen. Dies bedeutet, dass die Kontrollmechanismen in der Lage sein müssen, die Vielfalt und Komplexität des zu kontrollierenden Systems zu bewältigen, um effektiv zu funktionieren.

Die Implikationen für Human-centric Oversight sind, dass es natürliche Grenzen gibt, was Menschen in der Lage sind zu kontrollieren, basierend auf ihrer Denkgeschwindigkeit, Proaktivität, ihrem Fachwissen, ihrer Detailgenauigkeit und Zuverlässigkeit. Selbst mit Unterstützung durch KI müssen die Kontrollsysteme mindestens so ausdrucksstark sein wie die Systeme, die sie überwachen. Dies stellt eine Herausforderung dar, da es schwierig sein kann, sicherzustellen, dass menschliche Operatoren in der Lage sind, die Komplexität hochentwickelter KI-Systeme zu bewältigen. Forschung ist erforderlich, um Maßnahmen zu formulieren, die diese Anforderungen erfüllen.","Ashby's Law of Requisite Variety besagt, dass für Sicherheitsgarantien ein Kontrollsystem generell mindestens so viel Komplexität haben muss wie das System, das es zu kontrollieren versucht. Im Kontext von Human-centric Oversight bedeutet dies, dass es natürliche Grenzen für die Kontrollierbarkeit von Systemen gibt, basierend auf Denkgeschwindigkeit, Proaktivität, Expertisegrad, Aufmerksamkeit für Details und Zuverlässigkeit menschlicher Operatoren. Selbst mit AI-Assistenz, die Menschen beim Verstehen des gegebenen Kontexts unterstützen, deutet das Gesetz darauf hin, dass das kontrollierende System mindestens so viel Ausdrucksfähigkeit haben muss wie das kontrollierte System. Dies stellt eine fundamentale Herausforderung für die Überwachung hochentwickelter AI-Systeme dar.",0.3586206896551724,0.5416666666666666,0.4315352697095436,0.1527777777777778,0.23157894736842105,0.18410041841004185,2,2,2,2,2,10,True
P5_META_Q1,Wer sind die Autoren des Papers 'The Singapore Consensus on Global AI Safety Research Priorities'?,"Die Autoren des Papers ""The Singapore Consensus on Global AI Safety Research Priorities"" sind Mitglieder des Expert Planning Committee: Dawn Song, Lan Xue, Luke Ong, Max Tegmark, Stuart Russell, Tegan Maharaj, Ya-Qin Zhang und Yoshua Bengio.",Yoshua Bengio and Tegan Maharaj and Luke Ong and Stuart Russell and Dawn Song and Max Tegmark and Lan Xue and Ya-Qin Zhang and Stephen Casper and Wan Sie Lee and Sören Mindermann and Vanessa Wilfred and Vidhisha Balachandran and Fazl Barez and Michael Belinsky and Imane Bello and Malo Bourgon and Mark Brakel and Siméon Campos and Duncan Cass-Beggs and Jiahao Chen and Rumman Chowdhury and Kuan Chua Seah and Jeff Clune and Juntao Dai and Agnes Delaborde and Nouha Dziri and Francisco Eiras and Joshua Engels and Jinyu Fan and Adam Gleave and Noah Goodman and Fynn Heide and Dan Hendrycks and Cyrus Hodes and Bryan Low Kian Hsiang and Minlie Huang and Sami Jawhar and Wang Jingyu and Adam Tauman Kalai and Meindert Kamphuis and Mohan Kankanhalli and Subhash Kantamneni and Mathias Bonde Kirk and Thomas Kwa and Jeffrey Ladish and Kwok-Yan Lam and Wan Lee Sie and Taewhi Lee and Xiaojian Li and Jiajun Liu and Chaochao Lu and Yifan Mai and Richard Mallah and Julian Michael and Nick Moës and Simon Möller and Kihyuk Nam and Kwan Yee Ng and Mark Nitzberg and Besmira Nushi and Seán O hÉigeartaigh and Alejandro Ortega and Pierre Peigné and James Petrie and Benjamin Prud'Homme and Reihaneh Rabbany and Nayat Sanchez-Pi and Sarah Schwettmann and Buck Shlegeris and Saad Siddiqui and Aradhana Sinha and Martín Soto and Cheston Tan and Dong Ting and Robert Trager and Brian Tse and Anthony Tung K. H. and Vanessa Wilfred and John Willes and Denise Wong and Wei Xu and Rongwu Xu and Yi Zeng and HongJiang Zhang and Djordje Žikelić,0.25,0.033582089552238806,0.05921052631578948,0.02857142857142857,0.003745318352059925,0.006622516556291391,1,0,2,1,1,5,False
P5_META_Q2,Welche Forschungsmethodik wurde im Paper 'The Singapore Consensus on Global AI Safety Research Priorities' hauptsächlich angewandt?,"Die Forschungsmethodik, die im Paper ""The Singapore Consensus on Global AI Safety Research Priorities"" hauptsächlich angewandt wurde, basiert auf einem Konsultationsprozess. Das Dokument wurde ursprünglich als Entwurf von einem Expert Planning Committee erstellt und an alle Konferenzteilnehmer verteilt, um umfassendes Feedback zu sammeln. Nach mehreren Aktualisierungsrunden, basierend auf weiterem schriftlichen und persönlichen Feedback der Teilnehmer, wurde das Dokument so gestaltet, dass es Punkte eines breiten Konsenses unter verschiedenen Forschern synthetisiert.","Die hauptsächlich angewandte Forschungsmethodik war eine systematische Literatursynthese kombiniert mit einem strukturierten Expertenkonsultationsprozess. Das Dokument stellt eine umfassende Synthese von Forschungsvorschlägen dar, die aus dem International AI Safety Report-B und komplementären aktuellen Forschungspriorisierungsrahmen stammen, einschließlich Arbeiten von UK AISI, Anthropic, Anwar, Bengio, GDM, Hendrycks, Ji, Li, OpenAI, NIST, Reuel, Slattery und Weidinger. Der methodische Ansatz folgte einem mehrstufigen Verfahren: Zunächst erstellte das Expert Planning Committee einen Konsultationsentwurf, der dann an alle Konferenzteilnehmer der SCAI 2025 (über 100 Teilnehmer aus 11 Ländern) verteilt wurde. Nach mehreren Runden von schriftlichem und persönlichem Feedback wurde das Dokument iterativ überarbeitet, um Punkte des breiten Konsenses unter den diversen Forschern zu synthetisieren. Diese Methodik zielte darauf ab, sowohl die bestehende Literatur systematisch zu erfassen als auch durch den Multi-Stakeholder-Konsultationsprozess (Akademie, Industrie, Regierung, Zivilgesellschaft) eine breite Legitimität und Repräsentativität der identifizierten Forschungsprioritäten zu gewährleisten.",0.4714285714285714,0.2391304347826087,0.3173076923076923,0.15942028985507245,0.08029197080291971,0.10679611650485436,1,1,2,1,1,6,False
